formation_points_num_values,communication_transmission_range_values,communication_delay_values,communication_failure_rate_values,presence_error,std_dev_presence_error,time_with_no_leader,std_dev_time_with_no_leader,shape_error,std_dev_shape_error
8,20,0.0,0.0,0.0821286135517052,7.491860402836753e-05,0.4421873394092761,0.0009205232649334443,0.1781043601923598,0.00012088761309044249
8,20,0.0,0.04,0.1228087612743388,0.00012214717229782607,0.3600398889996917,0.0012230476903378233,0.2033821879895239,0.0001348933645931438
8,20,0.0,0.08,0.1688529863971895,3.700577585268396e-05,0.447876244100678,0.0005933128560862154,0.2278139494446737,0.0001300874601919373
8,20,0.0,0.12,0.2067359475304089,7.721390520806502e-05,0.4268984080511335,0.0015082882257500944,0.2429183600528873,0.00011918747766993773
8,20,0.0,0.2,0.2974859391970489,5.3649955630747834e-05,0.4123317009213914,0.00047782636721378573,0.2848708911418563,7.175643027825685e-05
8,20,0.04,0.0,0.0949387619826715,0.00010570842531449929,0.4260289611915588,0.001235243687394497,0.2307447544981194,0.0004635586916359182
8,20,0.04,0.04,0.153490964558237,7.542021828096945e-05,0.4504512512534757,0.0009895213602212724,0.2193085230473616,0.00011791190991314589
8,20,0.04,0.08,0.1915211049197331,0.00013899975056480898,0.4259122942008172,0.000949718867404845,0.2295029693338946,7.107336522578351e-05
8,20,0.04,0.12,0.2375355122514231,6.982479903794081e-05,0.4404206678351884,0.0008940896697716688,0.2450085059948853,5.5636570452185564e-05
8,20,0.04,0.2,0.317580613071148,8.627654068947023e-05,0.4832818980052722,0.001222438218135866,0.2897625303473358,0.00017145245497141034
8,20,0.08,0.0,0.1606791789699463,0.0006193961920648086,0.5029736193711649,0.0014622127709425369,0.2746113540789446,0.0002005923569670302
8,20,0.08,0.04,0.2108783635510092,0.00015690903771253248,0.6009405581682171,0.0005245752080323385,0.2659301699865054,0.0001526440940331593
8,20,0.08,0.08,0.2611181732449221,0.00034627262645603506,0.6505768071577976,0.0005414461659693446,0.2856755614428477,0.0002565425630247418
8,20,0.08,0.12,0.2812402343478765,0.00020205677662553002,0.5650376806602241,0.0004526051269029453,0.2787002025273771,0.00017044781072647375
8,20,0.08,0.2,0.3277926206044858,7.452647971306521e-05,0.5347764854902375,0.0004436215806152057,0.2896161867890001,7.221261333957586e-05
8,20,0.12,0.0,0.291241564212673,0.0003287980238498716,0.6509045858460718,0.0011507621198527847,0.3385195811684454,0.0005066858385509699
8,20,0.12,0.04,0.296766796574436,0.0001950247356102475,0.5838210661696283,0.0009066399212612418,0.2968487506606383,0.00023270379590847014
8,20,0.12,0.08,0.2856170694224052,0.00039157899507974924,0.573332148144856,0.000507583468358572,0.2877087138412658,0.0002886933598526913
8,20,0.12,0.12,0.348533997663882,0.00022221726315935951,0.6840741224281178,0.00036232484192318386,0.3317724881437168,0.00028150416627025404
8,20,0.12,0.2,0.3849004615290598,0.00012826617729578356,0.5816599490554141,0.0011789866174793816,0.3177198497775464,0.00016771459225697636
8,20,0.16,0.0,0.2440741588865543,0.00028269705722726757,0.592504423623399,0.0005451473131105694,0.317813868992134,0.0003840859307875711
8,20,0.16,0.04,0.2794626252434034,0.00029304238776933924,0.6889074691874144,0.0011267020108412878,0.3045468388918461,0.0006323906688518884
8,20,0.16,0.08,0.2975353750982573,0.00017572954566741708,0.694235261764616,0.0007586239680575975,0.3004977123617193,0.00020996435620332919
8,20,0.16,0.12,0.3331813942538774,0.00039165954979598655,0.6904519179219942,0.001276284945262787,0.3245595950954596,0.00015889733118851202
8,20,0.16,0.2,0.403319566512682,0.0002302450648104894,0.7052908480301334,0.001105041268100615,0.3502636432677402,0.0005291777826086542
8,30,0.0,0.0,0.0551263250036807,0.0001134171560590474,0.3047564021011169,0.000878571049525377,0.1696267878339198,0.0002096567965813977
8,30,0.0,0.04,0.1009002802785566,0.00012624806554471094,0.2775035486209684,0.0016888074537129338,0.1904810006361262,0.0001806410012589768
8,30,0.0,0.08,0.150429324109234,5.0781081674999385e-05,0.3359509331970366,0.0018149891033663243,0.2221803989246999,0.0001728006472570673
8,30,0.0,0.12,0.1971227697854705,9.336549819633927e-05,0.3449592915535876,0.001662114581848683,0.2374315205055661,0.00011440758216470321
8,30,0.0,0.2,0.2808601551671045,7.768747432522985e-05,0.361556559879333,0.0006740914488531464,0.284613300604862,8.74240974977979e-05
8,30,0.04,0.0,0.0686701994311102,0.00014787696836094586,0.3350148194856097,0.0007055479168987329,0.1963737812760582,6.578134869166698e-05
8,30,0.04,0.04,0.1204217754771539,0.00010814998300453171,0.3334314817541159,0.0006248142870629755,0.197285968313497,0.00018287892234484038
8,30,0.04,0.08,0.1781370833668945,0.00010348619530482795,0.3968399912221978,0.002053063676259468,0.2253778509870612,7.050751247545853e-05
8,30,0.04,0.12,0.21360636592046,0.00011185548382462065,0.3404537234825652,0.0012898226952810397,0.2426440030686209,0.00014024776790846742
8,30,0.04,0.2,0.3025032274395135,0.00015582649910905047,0.3916899769166025,0.0011976904008231075,0.2894832991312528,0.00010435769361859212
8,30,0.08,0.0,0.0879279786193837,7.314784980791631e-05,0.4126733685371348,0.0009036699682292996,0.2223883184991293,0.00013978311456579905
8,30,0.08,0.04,0.1837467343659277,0.0004360290499915078,0.5853960705446404,0.0017839400349869347,0.2450113282765261,0.0005094064983300414
8,30,0.08,0.08,0.19706764810458,0.00011569679434465543,0.3990788863302398,0.0011214285477894905,0.2286908389793257,9.931601515723033e-05
8,30,0.08,0.12,0.2464066306434191,9.174290387907711e-05,0.3618037827882855,0.0008057013997436328,0.2526541634371614,0.00010199056357996451
8,30,0.08,0.2,0.3208178616468354,0.00028985137279190676,0.4407706688074133,0.0007194994189187283,0.292686129994429,0.0002474995147368523
8,30,0.12,0.0,0.2219508335439824,0.0007299560968718681,0.4848096800268889,0.0020547059399827,0.303591465270606,0.0005893444097431199
8,30,0.12,0.04,0.2338877590632179,0.00022392725972950162,0.460370723252009,0.0015267752501965548,0.261461670622538,0.0002631890955495678
8,30,0.12,0.08,0.2264966361017665,0.0002040773284503481,0.4279678554662652,0.0007413986694958871,0.2451846817724521,0.00011025165380735675
8,30,0.12,0.12,0.3022747545826522,0.00012839173514683506,0.5340792613312815,0.0018107810497262728,0.298147809596058,0.00036574223070548885
8,30,0.12,0.2,0.3595070750196487,0.00013978907506248756,0.519226442295673,0.001030082290224224,0.3217590301741092,0.0003964832700388293
8,30,0.16,0.0,0.1785066156433734,0.0004772965423069079,0.6013961149892083,0.0007418159443533407,0.2817018267210877,0.0001222289877702258
8,30,0.16,0.04,0.2208099883610794,0.00011310115374903061,0.5055264042400118,0.0007730061933771431,0.2672855820794078,0.0001246256303055181
8,30,0.16,0.08,0.2607262450729061,0.00048030714663096423,0.5476209656137934,0.001281076362597447,0.2692009374879186,0.00043626719947345555
8,30,0.16,0.12,0.3417446558879337,0.0001355554740215159,0.5882210783918844,0.0005087624303591811,0.319143238013003,0.00030005653615030226
8,30,0.16,0.2,0.3734094573873854,0.0003263797040048556,0.6208378356606546,0.0010153972593657484,0.3369097624676951,0.00018692252198071574
8,40,0.0,0.0,0.0462637135797594,0.0001460725438713035,0.0185083847455131,9.056364716026374e-05,0.1678911085213234,0.0002978640065993064
8,40,0.0,0.04,0.0997814403651116,3.980113227412437e-05,0.0483390231639532,0.0002365283787907724,0.1990917455521816,0.00012633129999317901
8,40,0.0,0.08,0.1452494920124712,3.403816207003445e-05,0.0896974713818649,0.0038036474356786653,0.2209840573344154,9.831247517395336e-05
8,40,0.0,0.12,0.1914281793143873,5.4186979946756485e-05,0.0831391198308884,0.00037568845429198706,0.240602198584428,8.944209161371155e-05
8,40,0.0,0.2,0.2763276338962037,4.681880472102248e-05,0.0216389489970805,0.0001786226901901938,0.282924198564279,0.00027899242274494695
8,40,0.04,0.0,0.0582074533540364,8.41717702939676e-05,0.0708251967366576,0.00030283836321903074,0.2147276417382504,0.0005603457809183111
8,40,0.04,0.04,0.110083639121219,0.00011222077016081298,0.1192808868913524,0.0005836550461817356,0.2029733494159449,0.00022164115289867505
8,40,0.04,0.08,0.1587631580226609,5.0778202731821606e-05,0.1185253292370256,0.00046753492005134265,0.2188556149871391,0.00015502290011286713
8,40,0.04,0.12,0.2040018253522905,8.388309373270273e-05,0.0703751954866541,0.00024991730504535725,0.2406755981430093,0.00011692162733462835
8,40,0.04,0.2,0.2863366460740101,4.910240568173977e-05,0.1042752896535823,0.0004571962822487001,0.2741741989458934,0.00010681518257835674
8,40,0.08,0.0,0.1081021232003429,0.0003524163960874804,0.153964316567546,0.0007246592456338786,0.2602360950154737,0.00029941092485712606
8,40,0.08,0.04,0.1314768843107865,0.00017371239989639054,0.1691838032883424,0.0005553689323361806,0.2243208063152784,0.00021749965094533768
8,40,0.08,0.08,0.1664710787391053,0.00012535313018436874,0.1287475798543884,0.000509872734633381,0.2235145866893012,0.00016805737139802528
8,40,0.08,0.12,0.2332091981505499,6.828528356605062e-05,0.2036755657654604,0.0005840858061930836,0.2629165986272834,8.736327155741373e-05
8,40,0.08,0.2,0.3041611313503675,0.00011229489982972376,0.1432003977788827,0.0005997710866457031,0.2769703499628342,0.00014600926502566266
8,40,0.12,0.0,0.1678301970977709,0.0005259257597437245,0.3824121733671482,0.0015050284043112473,0.27099380280237,0.00020670626192170356
8,40,0.12,0.04,0.1831869237831266,0.0003110518446266374,0.3683288009133358,0.0010880593056148736,0.2568987065973761,0.00018922142238275358
8,40,0.12,0.08,0.2296112280867445,0.0002210674523182511,0.3326481462448507,0.0006846406907867119,0.2595856836122553,0.0002366982899750896
8,40,0.12,0.12,0.2778151380281636,0.0003231770671632223,0.3161619893388592,0.0022177011652556055,0.2845977724523227,0.0002437326287037137
8,40,0.12,0.2,0.3495563529343188,0.00013358563698456923,0.3140397612215589,0.0005931305914381535,0.3142852565071754,0.00013777831052871943
8,40,0.16,0.0,0.146452924174797,0.00015182176268236264,0.3950177639382332,0.0006350180104989964,0.2714398602190012,0.00041256490173222706
8,40,0.16,0.04,0.1858521221586764,0.00045396248714239297,0.3170453251259031,0.000708042604668804,0.2546696898137268,0.00024661417653587585
8,40,0.16,0.08,0.2263886496906944,0.00013104013179192733,0.3882288561912672,0.0011381042942872695,0.2612856548184578,0.00030829586482213186
8,40,0.16,0.12,0.2808723079786249,0.00010431979352524721,0.3953483204120011,0.0009691445189779164,0.2870064800854985,0.00018836203240643569
8,40,0.16,0.2,0.3523591384976072,0.0002953847106198539,0.3916983102730841,0.001916624711048479,0.3114987395877664,0.0003691796858559793
8,50,0.0,0.0,0.0487594670401867,0.00015619307675091744,0.0030166750463195,1.4760936637558011e-05,0.1676290840050718,0.00014023328916646592
8,50,0.0,0.04,0.0980172861591271,7.298738419857322e-05,0.0068000188889413,3.327327153659438e-05,0.1943396807636703,0.0001573935204857146
8,50,0.0,0.08,0.1432928893552502,3.1027016698320115e-05,0.0002277784104955,1.1145458602931645e-06,0.2195260315667309,9.523605703435061e-05
8,50,0.0,0.12,0.1962228106883599,6.841527341953594e-05,0.0113694760263222,5.563214885591538e-05,0.237939074528088,0.00017332215272361008
8,50,0.0,0.2,0.2779632721202018,3.551141417156018e-05,0.0433084536345934,0.00021191322570549028,0.2813005154404865,0.00011681667263621919
8,50,0.04,0.0,0.053459783916066,0.00012651569149095695,0.0077555770988252,2.5350558385166558e-05,0.2199339813999148,0.00023310131118174166
8,50,0.04,0.04,0.1082469586721064,5.849730153567305e-05,0.0280750779863277,0.00011474462837260173,0.2000237786966117,7.736259976819895e-05
8,50,0.04,0.08,0.1757337346770437,0.00023052302453028926,0.129325359237109,0.0005364226821209389,0.2301517904734084,0.0001254655830577161
8,50,0.04,0.12,0.2074484495095835,5.9546830030429455e-05,0.0706224183956066,0.00031084537269989587,0.2433966781991146,0.0001226550302458647
8,50,0.04,0.2,0.2919350991252789,5.507513002437071e-05,0.0532695924155344,0.00024206336617629042,0.2780449955208067,6.735368551654102e-05
8,50,0.08,0.0,0.1026114829485633,0.0002879307826638749,0.099566943241509,0.0002725992921690626,0.2420689710224525,0.0004210194479034292
8,50,0.08,0.04,0.1199409147664301,9.451796257220772e-05,0.0542029283414676,0.00029485795746038863,0.211510528373772,0.00019295115854315732
8,50,0.08,0.08,0.1711848939163702,0.0001215387277722497,0.0879280220222833,0.0004914450818580673,0.233472654387475,0.0002372252664018303
8,50,0.08,0.12,0.2410277528548688,0.00016260464951520993,0.2123561454337373,0.0005246641151950321,0.2671161678627305,0.00012943897035880297
8,50,0.08,0.2,0.3064326220350629,0.000125007155161713,0.1003475009652804,0.0006781926579565213,0.2759785606021431,0.00015951277441628132
8,50,0.12,0.0,0.1229723467981851,0.00024055553742735004,0.2427812299478609,0.0004825578557055361,0.232405944673209,0.0001494692174741642
8,50,0.12,0.04,0.1590019173664349,0.0002804719269494446,0.2629173969927694,0.001009833806137939,0.2374353418645056,0.0001843128537256961
8,50,0.12,0.08,0.2147323673121287,0.00018262302502281,0.30220361723227,0.0014402213223443099,0.2514217999922439,0.0006047902468525648
8,50,0.12,0.12,0.2605452115839264,0.0003565878244821429,0.3219370053805705,0.0015752746532992853,0.275996757818573,0.00032833228638263573
8,50,0.12,0.2,0.3359028861885736,0.00035290992975209784,0.2743813177258826,0.0012658160249740492,0.3042426944101785,0.00020662876956754778
8,50,0.16,0.0,0.1325303594593263,0.00021294763808649605,0.3009063914066427,0.0008655275962876485,0.2650102900956107,0.00031840975010041556
8,50,0.16,0.04,0.1867109353081541,0.0005279995041896287,0.3321703671399087,0.0016240260408753758,0.2539771948857964,0.00026200971022577745
8,50,0.16,0.08,0.2298520707696412,0.00022951888216373494,0.3521759782666063,0.001098734972573015,0.274097072319619,0.0006296413703835101
8,50,0.16,0.12,0.2684424123400324,0.00010904578293978322,0.337614826707852,0.0012276788652182153,0.2824161066221917,0.00012183446705800733
8,50,0.16,0.2,0.3463407624048965,0.00019470252038680027,0.3338370384362178,0.0009271959234119041,0.3037157872206672,0.00022956198923363975
8,60,0.0,0.0,0.0465116743379849,0.0001084411488008288,6.666685185236626e-05,3.2620854447641317e-07,0.1599585974177799,0.0001348886063210838
8,60,0.0,0.04,0.0995784016066703,5.739176245765772e-05,0.0010916696990824,5.341664915801238e-06,0.1988547597819669,0.00013363566025765972
8,60,0.0,0.08,0.1436437583854416,0.00012466241618586913,0.0001111114197539,5.436809074613909e-07,0.2209244587813286,0.00012939041232951193
8,60,0.0,0.12,0.1896925842155082,0.0001514648258741188,0.0178778274384095,7.633228822360221e-05,0.2437525329167988,0.00013226699473925795
8,60,0.0,0.2,0.2775982103422528,4.510769779844952e-05,0.0432167867132964,0.00021026018158521804,0.2820949141083685,6.435526848338516e-05
8,60,0.04,0.0,0.059442352617646,0.0002111831435361041,0.0218306161961561,9.784561574417018e-05,0.2034146377156594,0.00046385187409385794
8,60,0.04,0.04,0.1068930486612473,0.00010556450978872376,0.0233167314353651,9.627214923061416e-05,0.2092639858545681,0.0002478208797341303
8,60,0.04,0.08,0.1555107618354517,8.374731357214723e-05,0.0431556754324317,0.0001388382754804431,0.2192375140505394,0.00010635134693560927
8,60,0.04,0.12,0.2018038591773898,7.223352554790753e-05,0.0299000830557862,0.0001341959960407465,0.2360382985392748,0.00012141108864441811
8,60,0.04,0.2,0.286923583468293,8.20614781042207e-05,0.0185806071683532,8.779408335148418e-05,0.2761597015043274,9.458820221504058e-05
8,60,0.08,0.0,0.0661766595184984,0.00017022757507609396,0.0287861910727529,9.50223911083705e-05,0.2244611245254199,0.00033435414388597787
8,60,0.08,0.04,0.1456717588104447,0.00015344305377535143,0.1742615951710977,0.0004931995478450725,0.2377942817023892,0.00020574404684667942
8,60,0.08,0.08,0.1827726431184559,0.00024453470738167686,0.1650532362589896,0.0008009344156644022,0.2396944047422814,0.00014886926697104026
8,60,0.08,0.12,0.2122498951385982,0.00013109731524153407,0.0430362306561962,0.00023003278732472413,0.2444630381436727,0.00021651386444984945
8,60,0.08,0.2,0.3012441527615346,8.827746400996292e-05,0.0797613326703685,0.00025231022673359436,0.282122327310995,0.00011689150495018387
8,60,0.12,0.0,0.127111941630396,0.0003106403489645948,0.3196758879885777,0.0010204816297547375,0.2525720841952492,0.00019149791662839198
8,60,0.12,0.04,0.1646746761796539,0.00016628318815831275,0.2819563387676077,0.0011608642283896667,0.238102007260554,0.0003304575942873741
8,60,0.12,0.08,0.1863985212458937,0.00020108487833949245,0.1254781263281287,0.0006139788487953556,0.2336152954086642,0.00020618514317285558
8,60,0.12,0.12,0.2527540441084561,0.0003443379550769643,0.2847230131194809,0.0013931823253680144,0.2680617793643463,0.0002561705173289869
8,60,0.12,0.2,0.3448312096005673,0.0007230561810069162,0.3215592265534071,0.0015213083962997709,0.3146212112179115,0.000687291052356683
8,60,0.16,0.0,0.1350410001138871,0.00023315030709479515,0.3010952808202245,0.0008994180530073731,0.2523083388730643,0.0001986493562177324
8,60,0.16,0.04,0.1862951789449401,0.00047874552794290325,0.3049786249406248,0.0010783298474532391,0.2536969831808773,0.00036167276242989125
8,60,0.16,0.08,0.2201371132280928,0.0001676245678917915,0.2894563596009989,0.0005177711501152625,0.2604672307023667,9.804705567612607e-05
8,60,0.16,0.12,0.2734315321014763,0.0001430035616945374,0.3527843132897591,0.0008183218105333827,0.2787900582038826,0.00031128636330543367
8,60,0.16,0.2,0.3439730474945803,0.00023280444709149358,0.333137036491768,0.0014233931023457014,0.3080192567156299,0.00045911712001471983
16,20,0.0,0.0,0.0775880952967902,7.892181435890321e-05,0.4677401881671894,0.0007588706987069913,0.2797212626587141,0.00023206124740998555
16,20,0.0,0.04,0.1286098624579507,4.002076412275641e-05,0.4376789935527598,0.0007301663088358257,0.2971259217948398,0.00013304793557487486
16,20,0.0,0.08,0.1781125390278848,2.788174166852114e-05,0.4641124003122231,0.0007379260238745452,0.3108554704737655,0.00015773293303736417
16,20,0.0,0.12,0.2250329059073776,0.00010413485418877673,0.4893624704513068,0.000591270252741441,0.3323244072631164,0.0001963824133647159
16,20,0.0,0.2,0.313567971716586,2.8222794698965483e-05,0.5133680926891464,0.0009170256795564352,0.3682399625508443,0.00012968656164503726
16,20,0.04,0.0,0.1119658383599679,6.963534153599813e-05,0.4967291575809933,0.0010870234906674766,0.3475629656951032,0.00023540955698208305
16,20,0.04,0.04,0.1655460870203839,0.00012878841706230634,0.4858985719404776,0.0004920386160881085,0.3022813875618666,0.0002205520581195291
16,20,0.04,0.08,0.2182818237863162,0.00021612947316972683,0.5000569446026238,0.0008973040552479244,0.31681833674754,0.0002465449045034009
16,20,0.04,0.12,0.2644925315764732,8.105238020510062e-05,0.4900791391087197,0.0004315942407685476,0.3453898502560251,0.00024630481859771254
16,20,0.04,0.2,0.3467673043883448,5.521732986632562e-05,0.5134042039005664,0.0003984993591764812,0.3678889135279596,0.00014334990024937608
16,20,0.08,0.0,0.198501397746938,0.0002801730543180478,0.4916624768402134,0.0004199838910226112,0.3686938829243475,0.00019053077736183358
16,20,0.08,0.04,0.2206265460112386,0.00015229729922781678,0.54981263836844,0.0003625879046178124,0.3242127000954471,8.498943682142007e-05
16,20,0.08,0.08,0.2605038052188968,0.00011173840557881852,0.5642293450815141,0.0005551625425906686,0.3516820471241971,0.00021811782694073452
16,20,0.08,0.12,0.2912447977286154,0.00018712508573520592,0.5493431926199795,0.0009285461182517114,0.3603168597443184,0.0001544416002978625
16,20,0.08,0.2,0.3656160655133788,5.275188136634579e-05,0.5460737390937197,0.0005213665185479976,0.3826307451348755,9.225252715480589e-05
16,20,0.12,0.0,0.4041307232797897,0.0004470437239280614,0.6519684776902158,0.00021532201724213138,0.4548435805254658,0.00026671499160670645
16,20,0.12,0.04,0.3679374695311694,0.00040550074106111123,0.632812868924636,0.0004327591049037327,0.4105060045836103,0.00024064230751564295
16,20,0.12,0.08,0.4569978514697244,0.0005505466080729366,0.6766379906610852,0.0004823042736192584,0.4821351280634244,0.0003839197487234535
16,20,0.12,0.12,0.407866540948726,0.0002818542768232819,0.6517018102828064,0.00117512927930299,0.4349400146604804,0.00020352813387526316
16,20,0.12,0.2,0.4866661521976433,0.0002644120034776904,0.6577046047350131,0.0005132441505278248,0.4755909532558396,0.000664337523551116
16,20,0.16,0.0,0.2625633812524561,0.00040932759664292866,0.6423906733074258,0.0005626896020386995,0.3975042736505557,0.00029512591472290374
16,20,0.16,0.04,0.2886657215540831,0.00031685887206902593,0.6872046866796853,0.0008998126803017677,0.3824061775231254,0.0006189059703757289
16,20,0.16,0.08,0.4259288090036366,0.0008102036163960287,0.7360270445195681,0.0003161859983269453,0.460889146615491,0.0008261393891697776
16,20,0.16,0.12,0.3780180964912464,0.00023218897040786136,0.7014325039791777,0.0003740966343356908,0.419150883758201,0.00026886651385453676
16,20,0.16,0.2,0.4381834437387318,0.00027193508684086534,0.7132575368264912,0.00044105927828289303,0.4400622066473009,0.00020946681219392984
16,30,0.0,0.0,0.0535567459909611,4.327654101426896e-05,0.414320595334987,0.0020889293224499016,0.2769389998218626,0.00025047846159213387
16,30,0.0,0.04,0.1083731743004844,2.5124660078461456e-05,0.3402037227881188,0.000687268068920563,0.2920688428636803,0.00012458481159233293
16,30,0.0,0.08,0.1608348651662903,3.078434849542857e-05,0.3441065114069761,0.001044285290927324,0.3086423717968216,0.0001395597652175806
16,30,0.0,0.12,0.2078826195524151,2.209036996911948e-05,0.4202789452192922,0.0014641951503033771,0.3256195788183701,9.726200858126846e-05
16,30,0.0,0.2,0.3010664938478969,2.574457396097456e-05,0.4298706385295515,0.0009984555410646556,0.3620090082104213,0.00013201118924243647
16,30,0.04,0.0,0.0789177973411037,9.280023204311612e-05,0.3832760646557351,0.001147237836228216,0.3433753257482526,0.00027886082841370495
16,30,0.04,0.04,0.1309473472495738,5.180487194426665e-05,0.4356150989308304,0.0009662471716355379,0.297803327794935,0.00018353588493037507
16,30,0.04,0.08,0.1838372077075192,2.9572197687753446e-05,0.4524512568090467,0.0011641959763779872,0.3120691005836977,0.00017421439532884383
16,30,0.04,0.12,0.2266035808432807,8.482024376230222e-05,0.3916566434906763,0.0008481919865194566,0.3269724883744152,0.0001190490464509466
16,30,0.04,0.2,0.3241560762148009,9.023856778387509e-05,0.4288900802502229,0.0016878501224577053,0.3584292714851467,0.00014206143960935735
16,30,0.08,0.0,0.1283659273185436,0.00011031664240670862,0.4879263553509871,0.0012600988553916714,0.3474960465340859,0.00034109514883983567
16,30,0.08,0.04,0.1596826701254727,8.000429199286708e-05,0.47370964919347,0.0005628066429258186,0.3090316411716646,0.00012522889364955435
16,30,0.08,0.08,0.2070259765478528,0.00014390011709279553,0.4760652112922536,0.0007060121417231484,0.314025356582639,0.00012429225820727007
16,30,0.08,0.12,0.2540226023197314,0.00013973753303801306,0.4518540329278692,0.0011134733112817255,0.3364407512437321,0.0001354218349604613
16,30,0.08,0.2,0.3664693122411488,0.0003979017534225896,0.4336900935835933,0.0003380931048056414,0.3777096600312835,0.00019379526735633667
16,30,0.12,0.0,0.2085711414302524,0.0001310962702993884,0.5731488143022619,0.0005275757412626422,0.3720969577439904,0.0003753911314881178
16,30,0.12,0.04,0.2789282270575794,0.00037042903462611635,0.5924238678440773,0.0008196699107260921,0.3769972995795858,0.00031139584837341265
16,30,0.12,0.08,0.331851193076235,0.0003325810537255156,0.5110847530132028,0.0005289111671335714,0.3927294392840482,0.000201857598828116
16,30,0.12,0.12,0.3398841472476364,0.00021172155047418192,0.5098264161844894,0.001062761628672256,0.3860573086727942,0.0001471300049095136
16,30,0.12,0.2,0.4519779590533565,0.000435597169851009,0.5927488687468576,0.0004045149722164888,0.4495289717984108,0.0003262832571279417
16,30,0.16,0.0,0.1669363795107771,0.00013598815468401112,0.6219795054986264,0.0012769234557144713,0.3706407481788581,0.00019423441350693453
16,30,0.16,0.04,0.2168536080134938,0.00027273134368032483,0.5969461026280628,0.001161441547330837,0.3421615691334819,0.00039897863822719253
16,30,0.16,0.08,0.2766089606325367,0.00014739840481752282,0.6201267225742294,0.0007130037482634335,0.3661452089383196,0.00015199402965028857
16,30,0.16,0.12,0.3196383553322414,0.00022308012576593216,0.6266461851282921,0.0008203951366998016,0.3817808007792811,0.0002679455701525317
16,30,0.16,0.2,0.4132977300805001,0.0003544967286874281,0.6002655562932119,0.0006530384245504956,0.4254599995329659,0.00021154788557184345
16,40,0.0,0.0,0.0478424180518558,5.602736758463105e-05,0.2121533670926863,0.00045851636760437555,0.2708239874191408,0.00019894822302922156
16,40,0.0,0.04,0.1037442117894769,3.214727467043436e-05,0.1763588232189533,0.0007678587913768567,0.2927479239737263,0.0002648312006832374
16,40,0.0,0.08,0.1541162918160869,3.412149419201705e-05,0.1649837916216434,0.0019392089430382436,0.3057998814668871,0.00010582982603309167
16,40,0.0,0.12,0.2031676216461718,2.222447057951475e-05,0.0645862905174736,0.0006668154075838552,0.3252045883300854,0.00015982814319905414
16,40,0.0,0.2,0.2964315308862084,2.860564069641838e-05,0.1059197386659407,0.0006371683380876409,0.3535830043573352,0.00017800691368082377
16,40,0.04,0.0,0.0616785567459912,8.771422703200372e-05,0.100097500270834,0.00045932529590372867,0.3167650567825565,0.000305909814670848
16,40,0.04,0.04,0.1152261121732287,7.171150027852105e-05,0.1243586787741077,0.0005589401253239516,0.2889912993869358,0.0001391347728703925
16,40,0.04,0.08,0.1645858629989276,5.971940892976608e-05,0.1229003413898372,0.0005397125646681732,0.3079268182975778,0.0001226309253060302
16,40,0.04,0.12,0.2111191953831836,2.230790304637673e-05,0.1241309003636121,0.0005714241242737073,0.3224590596881728,0.0001701039441830046
16,40,0.04,0.2,0.3054703038237656,2.4471273563688646e-05,0.0890280250778474,0.0003352106739646549,0.353444410501584,0.00010544635098071734
16,40,0.08,0.0,0.069516024263263,0.00019857772734860953,0.2234395095541932,0.0005616342840979088,0.3067393642868681,0.00018877018211047443
16,40,0.08,0.04,0.1304130684217184,9.593612635082027e-05,0.1332170367139908,0.0005887092706118085,0.3040717133700566,0.00015045302345028906
16,40,0.08,0.08,0.1761597883778819,5.055990217931654e-05,0.1293753593759982,0.00046306601540265863,0.3117274920715671,8.941365226221503e-05
16,40,0.08,0.12,0.2256208198668607,4.878350334166297e-05,0.1469170747696521,0.001905740881036169,0.3253143261239284,7.630663323370398e-05
16,40,0.08,0.2,0.3265302798584197,0.00018755650173039558,0.1189058858496829,0.00032647368915427014,0.3635647927498391,0.0002970100341972392
16,40,0.12,0.0,0.1468207528875035,0.0004319020194229293,0.2352562090450251,0.001103151584024472,0.3728174545579765,0.0003120951013687398
16,40,0.12,0.04,0.2526622252770132,0.00014901672686907299,0.3765232681201892,0.0013642004944426954,0.3681343833296917,0.00012439379860664475
16,40,0.12,0.08,0.2917024378887228,0.0005967427483198301,0.327503687510243,0.0014382620502295736,0.3734502134252773,0.0002361123281339253
16,40,0.12,0.12,0.344786775883407,0.001590487643950433,0.3950038750107639,0.00163166442127725,0.401102064282988,0.001077649543498713
16,40,0.12,0.2,0.379624448609576,0.0002795679665791584,0.2359478776329934,0.0010562966447858662,0.3951236401712477,0.00030030960996486785
16,40,0.16,0.0,0.2210554100497514,0.0016271369126424076,0.4193983872177422,0.0015036004079256116,0.3901325531932272,0.0006526140874312788
16,40,0.16,0.04,0.192531329080077,0.000331463090022302,0.3810010583362732,0.0016763721317914048,0.3300160974821094,0.00023949448967825238
16,40,0.16,0.08,0.2447186485240258,0.0003034401351261546,0.4053872371867699,0.0003883149921118135,0.3518903567287187,0.0003358642389822076
16,40,0.16,0.12,0.2930301759518792,0.00011844115489518732,0.3806649462915175,0.0007701936826577944,0.3689575500831911,0.00014762165855707616
16,40,0.16,0.2,0.3795242747202029,0.00020003154459826073,0.3959649887916355,0.0003397798590891423,0.4021715829191835,0.0005033923412199485
16,50,0.0,0.0,0.0461826912192809,4.1472908411628965e-05,0.000183333842594,8.970734973104809e-07,0.2726742766816865,0.00021616182724616044
16,50,0.0,0.04,0.1047225131180915,9.405613243634192e-05,6.666685185236626e-05,3.0219495245380513e-06,0.2921242185253652,0.00020969215542538546
16,50,0.0,0.08,0.1536218351474624,4.9805933339936576e-05,0.0055972377701049,2.7387925713331982e-05,0.3011423122158791,0.00012938846477151636
16,50,0.0,0.12,0.2030871092697485,8.836038582197848e-05,0.0211389476081878,0.0001034352926443964,0.3268338615120733,0.0003038668382978616
16,50,0.0,0.2,0.2963582667937853,3.336025860465183e-05,0.0600890558029327,0.0002903708700812419,0.3624558623764196,0.00011558535635201942
16,50,0.04,0.0,0.0586611004475011,8.509414699475039e-05,0.0102972508256967,2.788080340792762e-05,0.3151337623377853,0.0001964775873948692
16,50,0.04,0.04,0.1094463869170473,4.355408078291353e-05,0.0077527993133314,5.0830193861037e-05,0.2954398360838633,0.00020825424255242197
16,50,0.04,0.08,0.1657495706585309,8.400772675149892e-05,0.0246361795449431,5.0290457627445597e-05,0.311013309120666,0.00015758893238163727
16,50,0.04,0.12,0.2117781815886995,6.177208496138179e-05,0.0190389417748382,0.0006217197668848258,0.3245206862423283,0.00016158483077442347
16,50,0.04,0.2,0.3054268466717973,5.205846038254469e-05,0.01320837002325,0.0001713437159404682,0.3560069119943889,0.00012940980534452358
16,50,0.08,0.0,0.0659221774747998,5.624932863955347e-05,0.0199694999152775,3.4960830623942156e-05,0.3140404670830033,0.00026779200316717094
16,50,0.08,0.04,0.1128382040644559,3.598792793592854e-05,0.0187806077239103,0.00017983717296304896,0.2844516906344314,0.0001002650108773758
16,50,0.08,0.08,0.1930991149454585,0.00021088109238610178,0.1536059822388395,0.0007516116705190292,0.332891593293643,0.00019510082684392782
16,50,0.08,0.12,0.2164568512690338,8.570916928898604e-05,0.0275445209570026,6.348001982317652e-05,0.3261397545337879,0.00016988522043983426
16,50,0.08,0.2,0.3138724864513454,9.972534066803013e-05,0.0422251172919924,9.147367828999967e-05,0.3585253787102652,0.00012387032853959613
16,50,0.12,0.0,0.0743710507702825,5.615484174023864e-05,0.0304639735110375,5.691770345115528e-05,0.358436939904028,0.0003016585534909418
16,50,0.12,0.04,0.1510692238902058,0.00011933328047905177,0.1535032041755671,0.00046213594836204197,0.3128918696492992,0.00012512948489276437
16,50,0.12,0.08,0.2181607839535649,0.0002042173317269744,0.1621198947774854,0.0006101017197394438,0.3341037171935617,0.00011904436094889558
16,50,0.12,0.12,0.2574734365581504,9.915581866222748e-05,0.1186225517293103,0.0005136973442236206,0.3485468900566559,0.0003965959674540798
16,50,0.12,0.2,0.3571187979862391,0.00017850131692680784,0.1124919791443865,0.0003784728956388382,0.3853866527738629,0.00014066038145055143
16,50,0.16,0.0,0.1227449915659485,0.0003118226071639168,0.2582923841455115,0.0008491089765723867,0.3620085748905754,0.0008204079799350698
16,50,0.16,0.04,0.1803918313835606,0.00015418058584018037,0.2713729760360445,0.0005211568345603451,0.3358004152820142,0.00016200630685188824
16,50,0.16,0.08,0.2245850422501173,0.0002859073774237139,0.2495645821238392,0.0012069415877909097,0.3420979752251888,0.0002422150161506686
16,50,0.16,0.12,0.2719070052972417,0.0002635054987029446,0.29512304200845,0.0011530784842823103,0.3614764910181239,0.00038970943975293434
16,50,0.16,0.2,0.3542137334930116,9.414900449577324e-05,0.3172731035363987,0.0007437317441678107,0.3918631325118466,0.00019519842344637383
16,60,0.0,0.0,0.0485455341542621,4.0783592882745284e-05,4.444456790157751e-05,2.1747236298427547e-07,0.271623768555446,0.000199481610784616
16,60,0.0,0.04,0.1027656066405748,4.417135348811187e-05,0.0001055558487662,5.164968620879088e-07,0.2901114268132174,0.00017617805537568698
16,60,0.0,0.08,0.153479788311911,2.3792266440091736e-05,8.055577932160923e-05,3.9416865790899927e-07,0.3074165798522799,0.00013077718945525799
16,60,0.0,0.12,0.2033234489019413,1.172560134996193e-05,0.0292556368212133,0.00014315118293439943,0.3179954682577395,0.00014301689085822097
16,60,0.0,0.2,0.2970765847613457,2.583042463246153e-05,0.0345334292595257,0.00016576335261882924,0.3580923403484338,0.00017791987521369144
16,60,0.04,0.0,0.0551135319993945,5.240538415908765e-05,0.0105361403781677,0.00014810368983644528,0.295864080995641,0.00023769957678784244
16,60,0.04,0.04,0.1094221572490469,3.5459425365994124e-05,0.0073889094136372,1.7826905831591544e-05,0.2941964723898222,0.00019605019751507233
16,60,0.04,0.08,0.1620196123808684,3.176221785395978e-05,0.0155055986266628,3.968116953494252e-05,0.3076699256736717,0.00012953037156582999
16,60,0.04,0.12,0.2140548046661231,5.962686957068075e-05,0.0094528040355667,4.6253653202217724e-05,0.328830492712768,0.0001878838747474872
16,60,0.04,0.2,0.3056696967387382,4.3726065394257e-05,0.0161694893596926,5.736516796604437e-05,0.3565648661296877,0.00016287049475509815
16,60,0.08,0.0,0.0729420754467367,0.00011029725004215357,0.0292000811113364,0.00011450735238475738,0.3355184784849537,0.00025660309966584117
16,60,0.08,0.04,0.1170790578584938,3.8650094065984464e-05,0.0222250617362826,8.33647511546331e-05,0.3013583432131659,0.00014850898613250467
16,60,0.08,0.08,0.1685074125205869,4.731490274302743e-05,0.0245445126236461,5.378092976255591e-05,0.3082858514130772,0.00020732760513524914
16,60,0.08,0.12,0.2216963840524559,4.140730414648449e-05,0.052727924244234,0.0001864322627358109,0.3250462363193002,0.0001972629805308433
16,60,0.08,0.2,0.317111807515452,5.941931909756713e-05,0.0346223183953288,5.254249559406519e-05,0.3551843322028419,9.048422516673981e-05
16,60,0.12,0.0,0.0992680817342559,0.00014027821687054716,0.1670060194611651,0.0006243497280258255,0.3549706943862675,0.0003767599695777648
16,60,0.12,0.04,0.1371722017804179,4.163578567916305e-05,0.0697057491826366,0.0002728169918198153,0.2945910282614727,0.0001439744864495412
16,60,0.12,0.08,0.2151704110636415,9.412581055925911e-05,0.2208978358273217,0.0005445704299243931,0.3358920827607366,0.00013201198594580904
16,60,0.12,0.12,0.2398542361402388,9.776180585940055e-05,0.0590918308106411,0.0002073625800678252,0.3386156008368093,0.00013838029401568933
16,60,0.12,0.2,0.4335570094465524,0.0004244587291509213,0.3334287039686221,0.0007166577609795466,0.4491875464930385,0.0004350525449345487
16,60,0.16,0.0,0.1227882534048714,0.0001350799909080063,0.2528201467226298,0.00045197219123520603,0.3522443491182067,0.00023859464543192737
16,60,0.16,0.04,0.1786060842356513,0.00013936331804747018,0.2731896477490215,0.0007286008123978583,0.3311518181348234,0.00017332353694151295
16,60,0.16,0.08,0.223947008793774,0.000241161338054065,0.331431476198545,0.0004078356300855684,0.3430352851756277,0.00016192732372975367
16,60,0.16,0.12,0.2761656108766983,0.0002737410372399604,0.2817257825716182,0.0013369826134163067,0.3634794272052408,0.0002458266880995551
16,60,0.16,0.2,0.3621712751285351,0.00021847974243801986,0.3043008452801258,0.0011704398246133384,0.3928346061101695,0.00027307673143292055
32,20,0.0,0.0,0.0752059706242255,6.929670414708643e-05,0.4802318895330265,0.0008671863551708348,0.4161308836693123,0.00020728036887768226
32,20,0.0,0.04,0.1355093960547528,4.635922392087926e-05,0.448059577943272,0.00046250861170195817,0.4199021896344017,0.0001619972287108738
32,20,0.0,0.08,0.1840653089270735,3.0156476914253336e-05,0.4578512718090883,0.0005833943192954629,0.4297534407029691,0.00014383119553434184
32,20,0.0,0.12,0.23188382825803,7.656275709528848e-05,0.4850624585068291,0.0006958353432827033,0.4481112788096111,0.00026369792579081496
32,20,0.0,0.2,0.3250007074672318,2.430044331101143e-05,0.5075819655054598,0.000900307905041307,0.4748149118436053,0.0002280889042635581
32,20,0.04,0.0,0.1321999331942587,0.00014476713178673874,0.4952124867013519,0.0003345240175125136,0.4422323174464416,0.00024865509173945075
32,20,0.04,0.04,0.1856354820169597,0.0001561643722452289,0.558323773121592,0.000829943990680556,0.4284604496732774,0.0002172579616179103
32,20,0.04,0.08,0.2374917241523597,6.958498391926501e-05,0.5488876357989884,0.00029062068735331907,0.4436804622235199,0.00016693140457201415
32,20,0.04,0.12,0.3050097638075044,0.00010541195489542176,0.5456154044872347,0.00034813854976583367,0.4691839754412399,0.00019729940014814805
32,20,0.04,0.2,0.3855148268424025,0.00031020302077285885,0.5443654010150029,0.00045288866632241866,0.4948216716856496,0.00024847967410001747
32,20,0.08,0.0,0.2459281570921033,0.0001693858867471565,0.5590654418484495,0.0006838123696205933,0.4947811542544876,0.0001811195800626485
32,20,0.08,0.04,0.3621801510212522,0.00035560889967886866,0.5757793771649365,0.0003986695575225059,0.5136432203526992,0.0003947653601759463
32,20,0.08,0.08,0.4184382934049809,0.0005057053719869773,0.5302598062772397,0.0006259721841349782,0.5396031249267412,0.00030332893471766943
32,20,0.08,0.12,0.4473875057639079,0.0002744451055512259,0.552307089741916,0.0010203295840223313,0.5512165298373352,0.00017943292903057278
32,20,0.08,0.2,0.5038925265461054,0.0006450483387146956,0.5303653621260059,0.0002099460503891232,0.5816673387528273,0.0003112295822361618
32,20,0.12,0.0,0.430200788101145,0.00029995950107675667,0.6560323778677163,0.0002580820198413417,0.586721488668698,0.00021472395761981406
32,20,0.12,0.04,0.4715953448177986,0.00026794592809647295,0.6405878905219181,0.0009080563047960159,0.5774345784283688,0.0001486050438550765
32,20,0.12,0.08,0.5772599097063501,0.0003796028675882634,0.6916685879682999,0.0002088381877179314,0.6402819248483202,0.00023291446281096005
32,20,0.12,0.12,0.554643470472305,0.0008245469512198011,0.6418878941330393,0.00023417418361522084,0.6186631467685894,0.00046462184027865034
32,20,0.12,0.2,0.6016025283230056,0.00019285214668162467,0.6184211622810063,0.00035317978799644925,0.6471553559424106,0.00024327943013214843
32,20,0.16,0.0,0.3091931277500002,0.0002806517313526468,0.6834046761241004,0.0007825010185229963,0.5143319124533237,0.0002884878761499208
32,20,0.16,0.04,0.3557058763097183,0.0003207348024619252,0.693282481340226,0.0003939169463675225,0.5127681853462698,0.00018062004517464434
32,20,0.16,0.08,0.4285204096270067,0.00027061640935102324,0.6916602546118183,0.0005716495419279757,0.5574855648989763,0.000197743076943291
32,20,0.16,0.12,0.4547155561760225,0.0002517434343046646,0.6905796960547113,0.0004089760589772816,0.559599074977427,0.0001331684575114259
32,20,0.16,0.2,0.5271156080902325,0.0003613798891088667,0.7108436412323368,0.00026128754359829704,0.5994468701697956,0.00028814154861288874
32,30,0.0,0.0,0.0560476627409031,8.081729497546952e-05,0.4081122447562354,0.001812060360205073,0.402559008652457,0.000304518398286603
32,30,0.0,0.04,0.1109097183473091,5.525507440820945e-05,0.4114872541312614,0.0010148075366873234,0.4051231811988853,0.0002214829612588197
32,30,0.0,0.08,0.163415699158193,7.17680477898405e-05,0.3835399542776507,0.0011792184017081415,0.4268259336538392,0.00019738544061308867
32,30,0.0,0.12,0.2153566230609313,2.1787075021668443e-05,0.3823149508748635,0.0006512213508323521,0.4396973753036512,0.00013465812425992696
32,30,0.0,0.2,0.3111120295646694,2.05561912007188e-05,0.4304511956977658,0.001127999477276437,0.4712234792305267,0.0001299356031738251
32,30,0.04,0.0,0.0792943717378401,0.00012093819152860214,0.4784985513848649,0.0011171505966978605,0.4435782355855696,0.00020576740271829102
32,30,0.04,0.04,0.1405245141522942,4.806884825808426e-05,0.4594234983986067,0.0005322774108388496,0.4147608163972265,0.00011367524538031894
32,30,0.04,0.08,0.1957092892966359,5.88650594614617e-05,0.4961152669868527,0.0009155741101220732,0.4293990126202806,0.0001336477620381025
32,30,0.04,0.12,0.2510261421733037,5.973814976811725e-05,0.4866207961688782,0.0011219435617974241,0.4490668704513764,0.0001625967537344851
32,30,0.04,0.2,0.3430921232810668,6.049700061192181e-05,0.4786541073725204,0.0007693656385937833,0.480533720561999,0.00011354945521919008
32,30,0.08,0.0,0.1421695111262469,0.00014189851916113753,0.5845071791866089,0.00126346184309364,0.4437955096570009,0.00024144783927930257
32,30,0.08,0.04,0.191562077255769,0.0003553352956575844,0.5239014552818202,0.001590838794235667,0.4261121352919519,0.00037240968841679
32,30,0.08,0.08,0.3188668552508077,0.0001697176691229616,0.5160153222647841,0.0006661592663339266,0.4912664144977592,0.0002006566329702632
32,30,0.08,0.12,0.3800555777368467,0.0006107710137197433,0.4468401301114725,0.0005616557715810091,0.5147902846041238,0.00045924265804213256
32,30,0.08,0.2,0.4485534459600923,0.0004690650977373227,0.4500901391392753,0.0007575294877541248,0.544428295164292,0.0003006826901309838
32,30,0.12,0.0,0.2866235283813221,0.0006687254731324359,0.6192989424970625,0.0010159147201184138,0.5119385601880396,0.0002652806622261919
32,30,0.12,0.04,0.362137494110226,0.0008191682365435268,0.5984822180061611,0.0010331849763722954,0.5168874755868766,0.0006270282116262702
32,30,0.12,0.08,0.4395507625324993,0.0004381271205143581,0.6337267603521121,0.0004052705090864324,0.5567947509699241,0.000388902162962629
32,30,0.12,0.12,0.4720693532959481,0.0006310170003194378,0.6123239231220087,0.0006508022945299268,0.5751966870995033,0.00031201111612576385
32,30,0.12,0.2,0.5418178678968386,0.000836822431467365,0.5680738002050005,0.00048121824694919216,0.6011719703256393,0.0004856974407613145
32,30,0.16,0.0,0.1853631559566841,0.00013040818074286158,0.7278520218111717,0.0008102494018360763,0.4708187082349918,0.0001951140156829089
32,30,0.16,0.04,0.2541757114689984,0.00016270451464297985,0.6695463042952897,0.001317896809649108,0.4593612795661637,0.0002747375738705002
32,30,0.16,0.08,0.3166535325879476,0.0001966750551511071,0.6812852257922939,0.001226917546690729,0.4940533238094378,0.00016104580681703065
32,30,0.16,0.12,0.3758854435403008,0.0003760608548458458,0.6673935205375571,0.00034681005320351074,0.5187936783272139,0.00017759192908383374
32,30,0.16,0.2,0.472979940677788,0.0002832020659492614,0.6405240014555595,0.000411856311572958,0.5552002316320498,0.0002205788595767671
32,40,0.0,0.0,0.0478733100647514,6.833529171773677e-05,0.1506281961894338,0.0007370410221990817,0.4035180725244639,0.00030084342827928727
32,40,0.0,0.04,0.1040778851338816,5.023688763496794e-05,0.1243031230642307,0.0005481775302870221,0.4060806662064898,0.0001986429017832676
32,40,0.0,0.08,0.1587928076275896,2.0239050086897463e-05,0.0950335973155481,0.0023018407804429133,0.4244315866388921,0.0002400557985200506
32,40,0.0,0.12,0.2109377658427541,1.2567966660491662e-05,0.1366003794454984,0.0019580811365751626,0.4405031992428336,0.00017115638222282023
32,40,0.0,0.2,0.3073903937927674,1.965952953772192e-05,0.2445617904494179,0.001178454636494141,0.4722571634162518,0.00015045956810829836
32,40,0.04,0.0,0.0574834496068043,4.446380445908576e-05,0.2799979999944444,0.0010256127384011338,0.4394738234468976,0.00022903850477878196
32,40,0.04,0.04,0.1152172606946477,2.9168256293000673e-05,0.1187864410734474,0.0005812356661435352,0.4077566789374306,0.00022142938241853736
32,40,0.04,0.08,0.1675717789537234,2.515602110742709e-05,0.1188058855719043,0.0005391710473991533,0.4308555070980058,0.0001824755350178973
32,40,0.04,0.12,0.2201338200331834,5.510978462735723e-05,0.1311725865905183,0.000631344067902112,0.4370796777577249,0.00016264003621924194
32,40,0.04,0.2,0.3170467601342295,2.2190501454779463e-05,0.1377476048544579,0.0005507993203727884,0.4622123903055317,0.00021432726816651362
32,40,0.08,0.0,0.0910797858770078,0.0002107185398875366,0.2055089041914005,0.0006831367121009302,0.4472071375305434,0.0003152188167530924
32,40,0.08,0.04,0.137457307281581,6.556964137097873e-05,0.1332198144994847,0.00033908688173245414,0.4173067721183335,0.00011936440765499828
32,40,0.08,0.08,0.202655169050816,0.00015205572657022676,0.1424170622696174,0.00022673945295630262,0.4366189619274896,0.0002225270577680522
32,40,0.08,0.12,0.3060933524294597,0.0003436250512247775,0.1820088389134414,0.0008009145683671266,0.4875560525307617,0.00016549657890710097
32,40,0.08,0.2,0.4084861607254481,0.0003352783506900144,0.267272964647124,0.000999982067218235,0.5237388655482035,0.0002349847657921845
32,40,0.12,0.0,0.2098129227659304,0.00043477367712411427,0.3228870080194667,0.0005520649771708041,0.5026173799270516,0.00046333951195626764
32,40,0.12,0.04,0.2121721117194061,0.0013403581513095515,0.2211145030958419,0.0014475148162540923,0.4550587194485102,0.0008673787717697848
32,40,0.12,0.08,0.4248021592811726,0.0014335213080080944,0.5220514501429171,0.0015764477948225517,0.5690823012808705,0.00100103387302951
32,40,0.12,0.12,0.4013576524257684,0.0007715469410842462,0.4186150517084769,0.0018765425218038197,0.5409116987394812,0.00035895024479092963
32,40,0.12,0.2,0.4987534416328417,0.00039219032842805135,0.4056594601651671,0.0006203483951891549,0.5756623524006073,0.00018926341897398046
32,40,0.16,0.0,0.1310948058840113,0.0001375936611448697,0.4686151905977516,0.0015856017386206324,0.4576827973252527,0.00024111620043612778
32,40,0.16,0.04,0.1915809303897419,0.0001696960246116071,0.437126214239484,0.0011820275074189343,0.4414281710092632,0.00018898905325606734
32,40,0.16,0.08,0.2590928800757144,0.00013832273234971,0.3828177300492501,0.0004081632483392119,0.4657535346566819,0.00015945469440421215
32,40,0.16,0.12,0.3147579788199126,0.0005244231684988152,0.4173761593782205,0.0019258051117048433,0.491875825197014,0.00034787193088073846
32,40,0.16,0.2,0.4225029612712498,0.0006217444397807734,0.4294761929894249,0.00046115372896227776,0.5260034690663085,0.0004446405704307513
32,50,0.0,0.0,0.0461046907855996,6.767292995986295e-05,8.055577932160923e-05,3.9416865790899927e-07,0.4021212874884075,0.00046869758721488714
32,50,0.0,0.04,0.1035769288812259,5.762650967399103e-05,4.72223533954261e-05,2.3106438567079269e-07,0.4055481000447317,0.00020675290817609036
32,50,0.0,0.08,0.1590034663073731,3.297180534669553e-05,0.0069861305170292,3.418393705659037e-05,0.4243601662339277,0.00024333899329601522
32,50,0.0,0.12,0.2097077521178899,1.8792861457267393e-05,0.020033388981636,9.80256676151622e-05,0.4411774037066703,0.00018440532462484996
32,50,0.0,0.2,0.3064564882037919,3.9996822245011825e-05,0.0671779643832344,0.00032870947665073266,0.4678913122053668,0.00013572801168766247
32,50,0.04,0.0,0.0572640913585872,3.0006632567781352e-05,0.0076222433951205,3.47200000764148e-05,0.4110460814341972,0.00045451166467081887
32,50,0.04,0.04,0.1136215422864021,7.980706962931457e-05,0.010511140308723,2.5529925484940856e-05,0.4150697030993805,0.000189732743764844
32,50,0.04,0.08,0.1656977611613176,2.3075395425214923e-05,0.0097000269445192,2.3698742667794215e-05,0.4304568790966108,0.00016226938378804248
32,50,0.04,0.12,0.2173494128846541,2.289837330061189e-05,0.0101528059800166,2.5236625520418483e-05,0.4435897522742263,0.00013725466657398412
32,50,0.04,0.2,0.3156195507661168,3.392895642121957e-05,0.0165306014738929,8.611656062053972e-05,0.466716452651633,0.00011362936351562197
32,50,0.08,0.0,0.0702283634815666,9.859226341493518e-05,0.0268334078705774,0.00011401547242250139,0.4436990595040175,0.00024242593495845384
32,50,0.08,0.04,0.1283386974252053,7.269433010685742e-05,0.0331500920835891,0.00013230785716250292,0.4165781926266551,0.00014165496527214966
32,50,0.08,0.08,0.1734762658411907,2.3774711842994628e-05,0.0205195014430595,7.320873446958237e-05,0.4253434104628577,0.0001424517504050503
32,50,0.08,0.12,0.2310572146337557,6.389856967949098e-05,0.0350612085033569,0.00013241833576057137,0.4499310129642296,0.00016109145142901082
32,50,0.08,0.2,0.3277047405860846,0.00031787202908494384,0.0435917877549659,0.00035141577177496896,0.473494984106559,0.0003384523808624612
32,50,0.12,0.0,0.0743572323725206,6.068233616880555e-05,0.0186250517362548,0.00016697215983852855,0.430844013558266,0.00029110036403605133
32,50,0.12,0.04,0.1480007854622486,0.00017627208418175222,0.0659029608415578,0.003506643404863322,0.4307697227161073,0.00026094786884780147
32,50,0.12,0.08,0.2695825359497493,0.0003860110590866722,0.1823921733115925,0.000691447711547705,0.4815417312390209,0.00027737074051796106
32,50,0.12,0.12,0.2449123556593219,7.487151223839926e-05,0.0445695682488006,0.00015354374003271874,0.4532039282386944,0.00011993843694289436
32,50,0.12,0.2,0.4620785296452199,0.0003267800653153358,0.3082091894699707,0.0006136801940571768,0.5611056603596387,0.0002966921087942108
32,50,0.16,0.0,0.1183888379724657,0.0001313988203962456,0.2459423498398606,0.0004738006842730362,0.4552092297344304,0.0002490277607418575
32,50,0.16,0.04,0.1757736138025704,0.0002214046535884446,0.2601451670699085,0.0009822669283598192,0.4421191348523798,0.0001279954501332436
32,50,0.16,0.08,0.2300617610222526,0.0001527871884508455,0.2965452681813005,0.0004603814352380702,0.4583046865407162,0.00018322008907559333
32,50,0.16,0.12,0.2765960401322321,0.00011927902653297248,0.2413728927024797,0.00046751627137384556,0.4702312551038152,0.00019035890402636753
32,50,0.16,0.2,0.3735573473381112,0.00010297114559361072,0.2980924947013741,0.0011577672284936585,0.5091148317437036,0.0002505408832797487
32,60,0.0,0.0,0.0466627761031979,6.609501888634595e-05,4.72223533954261e-05,2.3106438567079269e-07,0.4006443509719897,0.00025863662596964143
32,60,0.0,0.04,0.1044218693793238,7.721389101661483e-05,4.166678240772891e-05,2.0388034029775827e-07,0.4084687526150046,0.00018037519605145676
32,60,0.0,0.08,0.1577687976216579,6.0431381741688375e-05,0.003925010902808,0.0017848190126386711,0.4174296232869949,0.00014573816390421569
32,60,0.0,0.12,0.2098231685626232,2.8608803911673848e-05,0.0236333989816638,0.00011564092901688853,0.4427259244160482,0.00017615787236268827
32,60,0.0,0.2,0.3065292965657545,2.11183954287011e-05,0.1341059280720224,0.0006561956712596782,0.4715613411377354,0.0001498457732639579
32,60,0.04,0.0,0.057291988571496,4.192416023469619e-05,0.0092528034800096,1.753109450151418e-05,0.4383063526625815,0.00017351662174688742
32,60,0.04,0.04,0.1099811730162793,3.429380209265021e-05,0.0073277981327725,2.126599038515306e-05,0.4065097423767025,0.000186467867664818
32,60,0.04,0.08,0.1653111661204279,4.809472019358125e-05,0.0075361320448112,3.68751575485212e-05,0.4284086684708824,0.00012799433973054066
32,60,0.04,0.12,0.2208177873193748,2.749332751963982e-05,0.0136055933488704,1.9964303074968223e-05,0.4394081957138022,0.00021853977524940554
32,60,0.04,0.2,0.3172296518097919,5.513776896730923e-05,0.0150667085186347,4.4882061294257696e-05,0.4660201471505898,0.00018927913757253167
32,60,0.08,0.0,0.0623080561074479,7.074958412898761e-05,0.0131583698843607,2.9183626503324013e-05,0.4420534063940517,0.0003383269699415796
32,60,0.08,0.04,0.1248483041576172,6.224981865322401e-05,0.0414862263506287,0.0001235142136422516,0.4181362655224722,0.00014486343865285271
32,60,0.08,0.08,0.1712937592361327,3.0657435312251755e-05,0.0159500443056786,4.4101108315156035e-05,0.4222322820151084,0.00014854315205689347
32,60,0.08,0.12,0.2298589013007681,7.412164730153167e-05,0.0277861882949674,0.00011129562850466229,0.4431392144987986,0.00014625930143326356
32,60,0.08,0.2,0.3445656299783086,8.54062361710409e-05,0.0576084933569259,0.00017403388221106002,0.4787518995083955,0.0001644221843281733
32,60,0.12,0.0,0.0882376637244136,5.362650265545213e-05,0.0748029855638487,0.00024954920657034807,0.4616898289457218,0.0002446248203437535
32,60,0.12,0.04,0.1291563592016929,0.00010313765055438998,0.0228167300464723,7.266508754615251e-05,0.4109967335064593,0.0002232225385641857
32,60,0.12,0.08,0.1863950463013426,8.677290433021163e-05,0.0418612273922983,0.000167599561961807,0.4343897034288984,0.0001629790263853186
32,60,0.12,0.12,0.2466392213502668,0.00013799622041223334,0.0531473698538051,0.0002245740931628713,0.4480981615001232,0.00015839950483124754
32,60,0.12,0.2,0.4396025177760915,0.0005516986288503777,0.2279589665526848,0.0007769656408991941,0.5415521593502444,0.00039768755781469995
32,60,0.16,0.0,0.1294935780203581,0.0003553176319405531,0.2733674260206278,0.0006399131618823295,0.4576107956068734,0.00032610789138932744
32,60,0.16,0.04,0.1752877915980333,0.00017727468141781857,0.2565340459279053,0.0007692113897513928,0.4374872629251741,0.0002329786693013844
32,60,0.16,0.08,0.2275686090230444,0.00032491210076043305,0.2670729640915669,0.0009448143521945522,0.4520752479432042,0.00033423803972964367
32,60,0.16,0.12,0.2704450573343605,0.00010278206586943837,0.2130367028797302,0.0005555667498857016,0.466610379671953,0.0002910564171021853
32,60,0.16,0.2,0.3698871168739457,0.000115457213018317,0.2602285006347239,0.0005043001176019842,0.5039237806380791,0.00015149843378189668
64,20,0.0,0.0,0.0759421800802752,2.622403871916393e-05,0.3963344342623174,0.0005319459030021899,0.5412528356388189,0.00017964999060009142
64,20,0.0,0.04,0.1361564627393039,3.461788425161518e-05,0.3826677296325823,0.0006595854292715563,0.5460807492725599,0.00016151093096671484
64,20,0.0,0.08,0.1883181690478622,2.9872431550622828e-05,0.4294984152733757,0.0008014370726086188,0.5596618211103318,0.00013237476104209126
64,20,0.0,0.12,0.240253217283243,1.9882035407538237e-05,0.4315373098258606,0.0005522381179231293,0.5782504258860384,0.000143174142569558
64,20,0.0,0.2,0.3326334265587833,1.5654262111537295e-05,0.4708124189233859,0.0005259562023600525,0.6071051846562507,0.00014164162263983457
64,20,0.04,0.0,0.1812229812888828,0.0002610092924654903,0.5342570396028878,0.000252407882007118,0.5763208037665875,0.00023482048704703907
64,20,0.04,0.04,0.2899459802373195,0.00028942591935012115,0.4969152692090811,0.0002876094237394056,0.5902305832805096,0.00014033050841458488
64,20,0.04,0.08,0.350421535459122,0.0003410888878608518,0.4920541445948461,0.0005476324315349572,0.6142521801004017,0.00015040242538990692
64,20,0.04,0.12,0.4040898248643098,0.0003401319949312332,0.4846707907521965,0.00037229551463617447,0.6359984888357034,0.00019557149015628065
64,20,0.04,0.2,0.468343683767177,0.00031371580772370796,0.4995902766396573,0.00041745547805745756,0.6535636629712137,0.00025731527623960897
64,20,0.08,0.0,0.3739757146569377,0.00045485565836112364,0.5690349139858721,0.0002860971727336692,0.6530573948430144,0.00027208482903494515
64,20,0.08,0.04,0.4060563050717687,0.0004813775068014929,0.5309598082216895,0.0002752983293172744,0.6498987966999513,0.00023515213394571569
64,20,0.08,0.08,0.5702350882181192,0.00038996602974906443,0.5201042225117292,0.00039533896228307003,0.7272727560841936,0.0002103430649985552
64,20,0.08,0.12,0.6558043885462493,0.00020920348816333507,0.5802766118794774,0.00019674160061061415,0.7808732515720831,0.00022939763649822546
64,20,0.08,0.2,0.6611985021084689,0.00012276976724320156,0.5843127342020394,0.0006828827040965582,0.7760000496488719,0.00013136090416379645
64,20,0.12,0.0,0.4689119592715024,0.0005024828703479843,0.6543795954988764,0.00043195466850034006,0.6864983763226327,0.00024156087963322505
64,20,0.12,0.04,0.5657426122244861,0.00028345422259215265,0.6164822680063,0.0003579997343764859,0.72712088798224,0.00017822822094324246
64,20,0.12,0.08,0.6415810431016477,0.00038286645971300317,0.6665990738863163,0.00035112232753339276,0.7691840436288838,0.0003673982291067404
64,20,0.12,0.12,0.6406774320575328,0.000327873175128909,0.600871113530871,0.00032989548692336147,0.7725251402928892,0.00018168502882467058
64,20,0.12,0.2,0.6758991376972615,0.00031104121481316445,0.6159267109075303,0.00028454518689577255,0.7893746343383987,0.00019061617285236933
64,20,0.16,0.0,0.3386963787844306,0.0001972857906236327,0.6945519293109148,0.0003125467364466225,0.6324514792067846,0.00020797855275407541
64,20,0.16,0.04,0.4732616478676419,0.0007564294875761288,0.6780463279064665,0.0009070953782776521,0.6787416162750146,0.00031731005712969655
64,20,0.16,0.08,0.5300942432088382,0.0003629317066108556,0.678237995105542,0.0005350503044434458,0.7115365913528867,0.00022463822970906962
64,20,0.16,0.12,0.5771248961748299,0.0004337933558543877,0.6672435201208893,0.00030834213555016286,0.7257185431148936,0.00024553363226000274
64,20,0.16,0.2,0.6347190367358168,0.0005068830031369283,0.6674657429603971,0.0003604684554780616,0.7629379743904884,0.00036258913968930897
64,30,0.0,0.0,0.0568831298782687,3.492733504079768e-05,0.3761621560059889,0.0005608573116958551,0.5417838640612975,0.00017017172832604427
64,30,0.0,0.04,0.1123540291355402,2.4181126912862063e-05,0.3509315303653621,0.0009559062201231748,0.5425566168746394,0.00016692097110775533
64,30,0.0,0.08,0.1671017960944013,2.3890077869891975e-05,0.4333234258984053,0.000755778329609962,0.5556328897185949,0.00019216071137643863
64,30,0.0,0.12,0.2192289692937971,1.559080446354471e-05,0.4159678221328393,0.0015166854995029525,0.573531033852263,0.00015271137023417213
64,30,0.0,0.2,0.3162629716072097,2.095969954246287e-05,0.4142039283442454,0.0013947731154314647,0.6014345178271117,0.00013177078661990798
64,30,0.04,0.0,0.0896390097123078,6.220816480402863e-05,0.5085597459992944,0.0014826225905520862,0.5606523788722593,0.00023611233398190574
64,30,0.04,0.04,0.1767243793830397,0.0001708431250258631,0.4317456437378992,0.0005529665467127163,0.5547011453334688,0.00019190644165297153
64,30,0.04,0.08,0.2431734022611862,0.0003610302917451261,0.486551351531532,0.0008205444315721231,0.578802269999577,0.00030329903055592886
64,30,0.04,0.12,0.2865398265700478,0.00016564658678534005,0.4343206508906969,0.0006359995769392316,0.5832221999740198,0.00013749218116569518
64,30,0.04,0.2,0.3809385540936419,0.00011114324832020346,0.4594318317550882,0.0012555890940443696,0.6125048784994203,0.00012187663247119218
64,30,0.08,0.0,0.2279159359698303,0.0002497547994402939,0.6064211289475804,0.0007707055959810567,0.5925660831152909,0.0002409101029984025
64,30,0.08,0.04,0.3391165500362109,0.0013396723311788867,0.4987541632060089,0.0003477660781123108,0.6147973496895405,0.0006887104439596851
64,30,0.08,0.08,0.3912498111702677,0.0005209038673936588,0.4760124333678704,0.0013097566946182753,0.6403334473489971,0.00025504213081346474
64,30,0.08,0.12,0.4422667056779145,0.000708265920218293,0.4933708149189303,0.0012128127384604952,0.6604917772008647,0.00023672380070496952
64,30,0.08,0.2,0.6259636440342207,0.0004052783393402361,0.5831377309381415,0.0004062031692045351,0.7641783993807914,0.0002864191540519271
64,30,0.12,0.0,0.2836301511970466,0.0003616092795909812,0.63482954119317,0.0007327669532638566,0.6172068394113315,0.00025586415664829635
64,30,0.12,0.04,0.3825034720419836,0.0006983466514935673,0.6208600579446054,0.00042302594585175927,0.6422071353426518,0.00020237126064936891
64,30,0.12,0.08,0.4933640047329116,0.0003903507641245501,0.6038405662237951,0.0005874204436025768,0.6999334074022955,0.00024359268936913523
64,30,0.12,0.12,0.5480173032490345,0.0003989043501758389,0.6273128536468157,0.000683305352989078,0.7170942566348293,0.0003255361538300861
64,30,0.12,0.2,0.6345348016049176,0.0002116121503090624,0.6485906905296959,0.0007495165381801558,0.7610817314570404,0.0001645252613636438
64,30,0.16,0.0,0.1968904130473725,0.00025293758012235554,0.7706410295584154,0.0007987664162009675,0.583024400361,0.00022884084877011372
64,30,0.16,0.04,0.3067163881499073,0.0003112274119518046,0.6792046644574012,0.0011028132772675126,0.6104151418497964,0.00022345790537849858
64,30,0.16,0.08,0.42013991556335,0.000563113226039158,0.7027408409467804,0.0006655337955089324,0.665481248314415,0.0003382011076061296
64,30,0.16,0.12,0.4349085553557972,0.00029767091977894825,0.6858296828602302,0.0007741572889773619,0.6617806733202345,0.0001788408409487749
64,30,0.16,0.2,0.5544120170570256,0.00031088783280952537,0.6767379909388637,0.0005908907130919537,0.715412163327275,0.00016437354956024838
64,40,0.0,0.0,0.0499117807608061,3.963712361139354e-05,0.1976061044614012,0.000966909309873461,0.5410521364055951,0.00018480504561703052
64,40,0.0,0.04,0.1062110894372701,2.1501615629748595e-05,0.0669196303323064,0.00032527817075974025,0.5414613392085024,0.00020796350260620527
64,40,0.0,0.08,0.1621530627298593,1.7953845795528774e-05,0.1954366539907055,0.0023983770746253594,0.5564225586856563,0.00017078621107130077
64,40,0.0,0.12,0.2147850435109731,1.234782239480081e-05,0.1398864996847213,0.0006844806704703199,0.5694985451895783,0.0001445156290643657
64,40,0.0,0.2,0.3120590475761226,1.202517688396589e-05,0.0864585734960374,0.0003902847054235116,0.5983114433728474,0.00012129689838582104
64,40,0.04,0.0,0.0563745482789099,1.9209283551547817e-05,0.0549084858569051,0.00019762403995068342,0.5553303234941785,0.00030487626871541026
64,40,0.04,0.04,0.1172920297771223,6.771703583277319e-05,0.1542115394764985,0.0007025076893126068,0.5444957336556338,0.00014771564901893327
64,40,0.04,0.08,0.1690308806359063,4.078237100890632e-05,0.1114475317986994,0.0005182927011333034,0.5581759562777828,0.00015807523314841928
64,40,0.04,0.12,0.2252507545485362,3.9292973220654764e-05,0.0913196981102725,0.00044683774581925353,0.5688024664733129,0.00015415060896140813
64,40,0.04,0.2,0.3261485961267452,4.383839044640469e-05,0.1368198244995125,0.0005412266521056863,0.5920750162320676,0.00011758487119988394
64,40,0.08,0.0,0.12539407322464,0.0003286128532634812,0.1947755410431695,0.0008283528351221279,0.5814562821764017,0.00018959330642446073
64,40,0.08,0.04,0.2010493262383628,0.0003464354297842188,0.1854782929952583,0.000684779349622503,0.5716599849198543,0.00014736862561304405
64,40,0.08,0.08,0.2831249557019159,0.0004332686862050586,0.198325550904308,0.0008638301286084377,0.6011570344398784,0.00016310714514985013
64,40,0.08,0.12,0.4107525976851644,0.0006149258380795478,0.3023619510054194,0.0017664642033132175,0.6608007368552652,0.0003199662334692547
64,40,0.08,0.2,0.621226797515826,0.0005680675411280789,0.5134097594715541,0.0007294682686651754,0.7665150182126671,0.0004674800292758078
64,40,0.12,0.0,0.279190398195987,0.0005632813272958446,0.5256792379978833,0.0007154307892466334,0.6280724631153773,0.00026968436477834735
64,40,0.12,0.04,0.3301268488223978,0.0007378588125941467,0.397626104516957,0.0011358304727839734,0.6366021356351439,0.00043532885305375065
64,40,0.12,0.08,0.3439668008680567,0.0006147012506027501,0.3612398923330343,0.0008834390778770941,0.6364405150070206,0.00025257936747535744
64,40,0.12,0.12,0.4147726806022797,0.0007602139117417352,0.4072372423256731,0.0007036145434237699,0.6626612531825302,0.0003276749987326635
64,40,0.12,0.2,0.5397858676235159,0.00041146331368458703,0.447895688599135,0.000945095851580723,0.7167746910077722,0.00028812132919436086
64,40,0.16,0.0,0.131536733516752,0.00024519619647967784,0.3782482729118692,0.0016133802152698833,0.5822317731354152,0.00017423421452965543
64,40,0.16,0.04,0.2277336946595674,0.00013281695394251256,0.3809871694088039,0.0006391461330462915,0.5772624904969555,0.00015954972958998734
64,40,0.16,0.08,0.3095152884756255,0.00040255550203626545,0.4929930360917669,0.0011145264172333794,0.6129202320768073,0.00033142456564402823
64,40,0.16,0.12,0.3541625621540288,0.0003463649894242048,0.4246261795171653,0.001277787138161876,0.6260331706268749,0.0002688734313033111
64,40,0.16,0.2,0.5081793284115674,0.00048603726550354887,0.5524654235150653,0.001427690599278651,0.6908093871412098,0.0003291140876701967
64,50,0.0,0.0,0.0480758585060735,1.848214005001211e-05,4.444456790157751e-05,2.1747236298427547e-07,0.5404939718542731,0.00018365523225836983
64,50,0.0,0.04,0.1047457207834683,4.978438160089011e-05,4.166678240772891e-05,2.0388034029775827e-07,0.5385890143651153,0.00023013914985639094
64,50,0.0,0.08,0.1602371787729762,8.834505359259121e-06,0.0191861644060122,9.388010069577441e-05,0.55551603607412,0.0001612380597016853
64,50,0.0,0.12,0.2127783769668474,1.2505212034926051e-05,0.0092139144830957,4.4301035498128615e-05,0.5688490299540324,0.00013212117929782977
64,50,0.0,0.2,0.3116512644609699,7.685567010326453e-06,0.0905363626010072,0.00044067214804351074,0.598168762546984,0.00014432063444685839
64,50,0.04,0.0,0.0552722184210928,2.5008578606515448e-05,0.0075777988272189,2.378433960519907e-05,0.5646329215225635,0.00026097887213281105
64,50,0.04,0.04,0.1127974684098511,4.982777236812583e-05,0.0086833574537707,2.0800383157548452e-05,0.5470764001268821,0.0002030996202047059
64,50,0.04,0.08,0.1675856054895277,3.567812898420166e-05,0.0086055794599429,2.205412299387613e-05,0.5596160859210891,0.0001307656488012035
64,50,0.04,0.12,0.2209620022653282,2.0702362098000207e-05,0.0107222520062555,3.847537613925193e-05,0.5711625297600712,0.000124856396759119
64,50,0.04,0.2,0.3194558142707079,7.2564466445156625e-06,0.0140583723843677,3.863985344089227e-05,0.5923564322313333,0.00014923771319529935
64,50,0.08,0.0,0.0694977794480414,2.6606929958126214e-05,0.0186917185881071,6.91473707817999e-05,0.5595393993114907,0.00020636679704026707
64,50,0.08,0.04,0.1389990663928059,8.247847707671374e-05,0.037205658904608,0.00012141589837317432,0.5514063365600909,0.0001229706734325264
64,50,0.08,0.08,0.207611005570934,0.00015651440850722093,0.0581612726702018,0.00019469117774127562,0.577492715750486,0.00016041570729407372
64,50,0.08,0.12,0.2466305604375402,9.785787107104751e-05,0.043939010941697,0.0001459095780512807,0.580896736303238,0.0001413262811811204
64,50,0.08,0.2,0.639343490770766,0.0005732987408200829,0.5111764199344998,0.0009687149398847228,0.7834795618276097,0.0003122257674165232
64,50,0.12,0.0,0.072922376634423,7.166365478640687e-05,0.0191750532640368,3.483981073301125e-05,0.5612325622955108,0.0002997361869360967
64,50,0.12,0.04,0.1362869691510849,3.300854286178527e-05,0.0282695229708971,7.403640134527014e-05,0.5504364424376778,0.00015875072659583735
64,50,0.12,0.08,0.2431444125159418,0.0004175357455542813,0.1045502904174733,0.0006112724586484372,0.5894905808642172,0.00028481810572702126
64,50,0.12,0.12,0.2733129404634512,0.00024835449821334325,0.0774752152089311,0.00030717939740164114,0.593686233760854,0.00015486929869242726
64,50,0.12,0.2,0.475011186147609,0.0002924339712364737,0.2684868569079358,0.0007115249872571561,0.6733667287337627,0.00016510457646006107
64,50,0.16,0.0,0.1274891989446101,0.00016966052909180883,0.259531276475768,0.0007103322773727792,0.57392616071701,0.0002874118743686667
64,50,0.16,0.04,0.1743425293694427,0.00018118509793895222,0.2183728288134133,0.0005893894411050821,0.5690264498822512,0.0002384869523195578
64,50,0.16,0.08,0.2297413981260629,0.0001323174915211562,0.2458284606346128,0.0005913218988097808,0.5847870100193772,0.00015958484420990765
64,50,0.16,0.12,0.2953429461837416,9.900774210380486e-05,0.2386006627796188,0.00049513538998835,0.6036186378644092,0.0001372260942145693
64,50,0.16,0.2,0.4218463703631784,0.00026049737841892217,0.348145411515032,0.0013370550796253803,0.6475977897107927,0.0001515503251080386
64,60,0.0,0.0,0.0475093028415964,3.4986488281601967e-05,4.166678240772891e-05,2.0388034029775827e-07,0.5397299641813701,0.0001676113478191454
64,60,0.0,0.04,0.1067641312024476,3.794726729857961e-05,0.0125389237192325,6.135439040693884e-05,0.5444905988700817,0.00014233292347361684
64,60,0.0,0.08,0.1610868576468703,1.641460052484901e-05,0.005869460748502,2.8719943936611415e-05,0.5567603350150726,0.0001591750522239512
64,60,0.0,0.12,0.2139916290349065,1.3069225906380797e-05,0.0316806435573432,0.0001550170187397282,0.5733154883086758,0.00012706996957741225
64,60,0.0,0.2,0.3118355524891651,1.5042512268503212e-05,0.0838502329173136,0.0012117387796193497,0.5968879694697811,0.00012204367317604549
64,60,0.04,0.0,0.0552250991495812,4.69824514809723e-05,0.0076833546759852,2.462952614554116e-05,0.5532767602658184,0.00016948223030195723
64,60,0.04,0.04,0.1123195129806348,4.37678110363156e-05,0.0089028025077847,2.90692716086515e-05,0.5444413351657079,0.00016685619662366126
64,60,0.04,0.08,0.1685003534460771,5.3937642955592855e-05,0.0099083608565579,3.825511213740449e-05,0.5608442390922407,0.00015811686539548452
64,60,0.04,0.12,0.2210768314145919,2.1512712727630522e-05,0.0099944722068672,3.189831884933212e-05,0.5739420472041449,0.00015016482642052738
64,60,0.04,0.2,0.3202819701300443,2.866309462587491e-05,0.0160250445140125,5.194663208735879e-05,0.593139763216308,0.0001071256897321714
64,60,0.08,0.0,0.0694651682734718,7.239195848313633e-05,0.0284223011730588,0.00014232120973324243,0.560974713061042,0.00023093302294899772
64,60,0.08,0.04,0.1320624423066976,2.7629112486100972e-05,0.0382278839663443,0.00012410761373738305,0.55225979604773,0.00013503364723264547
64,60,0.08,0.08,0.1819081550400166,0.000115808232288773,0.0219361720449223,0.00010861608152894911,0.5611325801371806,0.00015272450492119868
64,60,0.08,0.12,0.5978653020943773,0.0011306484502835556,0.4945624848957913,0.0015051215196874115,0.7782849403122922,0.0005965446252013575
64,60,0.08,0.2,0.4832454700883283,0.000836749215709885,0.2514090316917547,0.0012784745178714978,0.6847379852074733,0.000624951944767573
64,60,0.12,0.0,0.072337427635434,9.457311359111512e-05,0.0187778299384164,6.83866630179177e-05,0.5658017546062789,0.0002510189241941787
64,60,0.12,0.04,0.1607189109325245,0.0001367181969317943,0.068541857060714,0.0002014534730646084,0.561422233348234,0.00013569911758326856
64,60,0.12,0.08,0.2315159249465792,0.00034236690528671255,0.0953085980794391,0.00047458885008842616,0.5842023013600761,0.00018595573875517023
64,60,0.12,0.12,0.3110995925997858,0.0003012021039156742,0.1256392378867719,0.00033831493887814216,0.6134481545363024,0.00024053439593436544
64,60,0.12,0.2,0.4616892402337836,0.0004668564119754475,0.2634840652335145,0.0010759982897432852,0.6731352044405537,0.00020836478720494763
64,60,0.16,0.0,0.1213691379991246,0.00014187047406479498,0.2427756743768732,0.0006764042908301038,0.5727577598416971,0.00018444783967392275
64,60,0.16,0.04,0.1782428270688362,0.00040678661946640067,0.2275839655110153,0.0008957309323180763,0.573378678400744,0.00038617208728541165
64,60,0.16,0.08,0.2353202405271446,0.0004251601675168154,0.2622923952566535,0.0021702458437077763,0.5901913157033556,0.0002720316033285913
64,60,0.16,0.12,0.293805399866338,0.00025239819968129757,0.2486256906269184,0.0010093689982368166,0.6049196707839324,0.00017489126032464828
64,60,0.16,0.2,0.4239765737630493,0.00028262479974828256,0.3198758885441348,0.001053434255893604,0.6544549328695505,0.00018877981256726575
128,20,0.0,0.0,0.0747627798993243,1.8326550392026806e-05,0.450390139972611,0.0007200158068937195,0.6628525667642757,0.00017731113540487143
128,20,0.0,0.04,0.1367319556709071,4.518914124026536e-05,0.3768538245939572,0.0008693402030829861,0.6713305181262952,0.00013137281654894336
128,20,0.0,0.08,0.1905239255343954,2.1695275583113426e-05,0.3823566176572712,0.0005216289216298515,0.682751029958716,0.00011784095561821879
128,20,0.0,0.12,0.241329507436566,3.1438882467156125e-05,0.3888427467854077,0.0004111876629035406,0.699641744952448,0.00012717555529727918
128,20,0.0,0.2,0.3368347967701013,1.6194880304158478e-05,0.4471623532287589,0.0005461756864264999,0.7271435357472439,9.895668233756752e-05
128,20,0.04,0.0,0.2173346386058761,0.00017514077964886753,0.5390653862927397,0.0006060034768210005,0.6915153883140233,0.00015817671324295225
128,20,0.04,0.04,0.4115864014403593,0.00037414291254171965,0.4876957991549976,0.00028666341209176055,0.7442727460156066,0.00022095096885434411
128,20,0.04,0.08,0.4397033489820121,0.00021745817130837457,0.4847096797491104,0.0001975901625344534,0.7515694511910451,0.0001400625423038387
128,20,0.04,0.12,0.4840814817964332,0.00014953802184494906,0.4649262914619207,0.00021760466243914622,0.7687849595248049,0.00013040339865628246
128,20,0.04,0.2,0.5254928278053114,0.0001403323793950226,0.4941041502893064,0.0006491004617555295,0.7815517571540886,0.00011171762716660035
128,20,0.08,0.0,0.4267352986028248,0.0002910276833910268,0.5940933169258803,0.000597238935439994,0.7523358026701907,0.00015883493688295056
128,20,0.08,0.04,0.6124926013656334,0.0004854290877864208,0.5359514887541355,0.00036535385465490475,0.8269306876453717,0.00020589438540956633
128,20,0.08,0.08,0.7046920156985956,0.0003382850829733843,0.5780071611310031,7.287885219014018e-05,0.8780662653274703,0.000215994649950733
128,20,0.08,0.12,0.6920819000362447,0.00024187261117536354,0.5763321564782125,0.0003261086314952193,0.8713443569800446,0.00019041930232984448
128,20,0.08,0.2,0.7325090453132208,0.00019765450409235918,0.5914766429906749,0.00022535579501377752,0.894920690515214,7.196339960850731e-05
128,20,0.12,0.0,0.4711926608650298,0.0003041262281651202,0.6610823918955331,0.00023823495413546647,0.7749901538514626,0.0002524899276691762
128,20,0.12,0.04,0.6746173873784832,0.00024774437726858887,0.6271572976591602,0.00032990238311300657,0.8630807588995816,0.00014508894742985829
128,20,0.12,0.08,0.6902157924220602,0.0001473056078871119,0.6401573337703715,0.00017705922953227762,0.8694551672948411,0.00010808415398404457
128,20,0.12,0.12,0.698307772331164,0.00035013812986260044,0.6350573196036655,0.0003347636490843827,0.8750332923945839,0.0001695170212486433
128,20,0.12,0.2,0.7319758600349368,0.0001925938734772388,0.6535129264247956,0.00017120108871742252,0.8910937286262096,0.00011459710200998305
128,20,0.16,0.0,0.3876713196829806,0.000333794793213767,0.6561712671424087,0.00024809630635803974,0.755229888358588,0.00012129469008069987
128,20,0.16,0.04,0.6061026854428624,0.0003322353896635244,0.6608601690560252,0.0002956651587934418,0.8303063901315704,0.00018683687082161099
128,20,0.16,0.08,0.6420039068589907,0.00037406347816018083,0.6599601665560182,0.00026539998411986626,0.8470814353124633,0.000221892644407126
128,20,0.16,0.12,0.6769140102062893,0.0005191854999354828,0.657304603623899,0.00022499042407161317,0.8648531596329947,0.00018465876882226261
128,20,0.16,0.2,0.7143074859981781,0.00011615628016769317,0.6494795818877275,0.0002624812867607062,0.8799958885437273,6.530303463622861e-05
128,30,0.0,0.0,0.0560299828415325,1.743054526697013e-05,0.2780813280036889,0.0007542360849733601,0.6587501472586376,0.00015173286880099858
128,30,0.0,0.04,0.1126979057214504,1.022534794300672e-05,0.3185592182200506,0.0013012907587332553,0.6665970227833762,0.000130760665036248
128,30,0.0,0.08,0.169257000241883,1.362310987124819e-05,0.4086678018550052,0.0005490386679850416,0.6805250029913766,0.00011731344015920193
128,30,0.0,0.12,0.2222627442343478,1.9817116132310996e-05,0.3257175714376984,0.0013663225737855446,0.6937571603457604,0.0001263987979490781
128,30,0.0,0.2,0.3208344858046192,1.0740000155796607e-05,0.3418565051569587,0.0005399619100180849,0.7231596126363343,0.00012553038702976184
128,30,0.04,0.0,0.1137337021574189,7.055477914902223e-05,0.5499904166400462,0.0008176691446991086,0.6706363070953966,0.00021169886561267227
128,30,0.04,0.04,0.2131590437821723,0.00027969052203062015,0.4474540207056131,0.0010840864939697004,0.6834136739823912,0.00016745551162280933
128,30,0.04,0.08,0.2891734849409971,0.00020192127834016944,0.4024011177808827,0.0005692458311501508,0.7015412064589724,0.00014708489521555665
128,30,0.04,0.12,0.3236948387003978,0.0003516877938973115,0.4445484570790474,0.0011280443799747473,0.7146024542461569,0.00014488855781377247
128,30,0.04,0.2,0.4209747777728242,0.00029907551307148134,0.4035233431203975,0.0009497866448512271,0.7417595402861805,0.00012307275602947264
128,30,0.08,0.0,0.3023504465246692,0.0005239422612624003,0.5921210892252479,0.0011999713525236504,0.7178978145268812,0.00014977943830715975
128,30,0.08,0.04,0.491904219624617,0.001347254176715663,0.5241292336923158,0.0008252296525584844,0.7843383499505822,0.0005020651663398658
128,30,0.08,0.08,0.6371902373800843,0.0005788941185119546,0.5867488520801447,0.00041852235670732123,0.8472937625395307,0.00028572867754428
128,30,0.08,0.12,0.6435687830998579,0.0003113056216091536,0.5757182658840719,0.0003960164338741699,0.854693565112357,0.0002003672715857974
128,30,0.08,0.2,0.7081083943088178,0.0004667178592753192,0.61549337637049,0.0009980179451766287,0.8845146177241912,0.0002637719225250317
128,30,0.12,0.0,0.3060804543087703,0.00034139180506397173,0.6934519262553507,0.000505853377268629,0.7216231920514986,0.00017865728748023992
128,30,0.12,0.04,0.5416202899351045,0.0005259181406766863,0.6245572904369179,0.00034862841482819433,0.8094914265038051,0.0002290379331077071
128,30,0.12,0.08,0.5763172860688017,0.0006201221583224624,0.6086461351281531,0.00048741291127295743,0.8244996642043512,0.0003282265085001137
128,30,0.12,0.12,0.6175238753443638,0.00023134625373989905,0.6302767507687521,0.0003541462704386709,0.837883151181731,0.00013721449299965627
128,30,0.12,0.2,0.661296427863323,0.000302225721131717,0.628096189156081,0.0004354899299816507,0.8567682344437231,0.0001404517164822183
128,30,0.16,0.0,0.2146704642674591,0.00017038215939710737,0.7640243445120681,0.00045704154555854354,0.7031628939581174,0.00018461335166181938
128,30,0.16,0.04,0.4219373548756267,0.0009277394909197735,0.6790129972583258,0.0007606101777218205,0.7635883805796693,0.00040510819327543325
128,30,0.16,0.08,0.5053185080868928,0.0003965905265756637,0.6741685393570538,0.0008005851504233655,0.7962903597852317,0.0001894550718790673
128,30,0.16,0.12,0.5741979096575553,0.0005401189885623012,0.6625935072041866,0.0005083826768624996,0.8210457947555546,0.0003114527767408682
128,30,0.16,0.2,0.6613496399862315,0.0004583646334144861,0.6750185417181714,0.00038521361674305016,0.8593623066287162,0.00013413917647229974
128,40,0.0,0.0,0.0481016900122902,2.7378548330423114e-05,0.0077444659568498,3.789455925001042e-05,0.6578254356902155,0.00016645170951386153
128,40,0.0,0.04,0.1076830563488762,1.305149824810949e-05,0.050636251767366,0.0002477689815525222,0.6667823236834101,0.00013713534250088197
128,40,0.0,0.08,0.1628141115903079,1.9022551237584033e-05,0.132828146744852,0.0006479356579331686,0.6789143310795315,0.0001360306550493892
128,40,0.0,0.12,0.2158652350084134,1.0126844245027715e-05,0.0626473962427673,0.0003065408876490222,0.6943630440843467,0.00010807208062593161
128,40,0.0,0.2,0.31528888629372,7.071825069608276e-06,0.138644829568971,0.0006753304172740093,0.7204951128412931,0.00011182349047684266
128,40,0.04,0.0,0.0630908926529259,3.1343050585783874e-05,0.2367589909971972,0.0021020832104144444,0.6729753587737998,0.0001727094825266247
128,40,0.04,0.04,0.1213659305927539,2.4214620799107428e-05,0.079000219445054,0.0002892382951893403,0.669477713190997,0.00013383548608415097
128,40,0.04,0.08,0.178879011663432,6.630254223304609e-05,0.0851474587429409,0.0003653011375123258,0.6812184540596252,0.00015409921557102407
128,40,0.04,0.12,0.2371101743593173,0.00010682921261239982,0.1108530857030158,0.0004335531545918832,0.6954517645808318,0.00012098840108947893
128,40,0.04,0.2,0.3339729084967952,7.982749569998211e-05,0.0802335562043227,0.00036948274536858947,0.7189522645547585,0.00010335360568663866
128,40,0.08,0.0,0.1500019925660271,0.00044649022619088456,0.2886508018077828,0.0013424928098604183,0.689354476190016,0.0001662210991163922
128,40,0.08,0.04,0.3275292099403516,0.0010004798805718208,0.2738896496934713,0.001272450383236953,0.7430730799276486,0.0003859532462284704
128,40,0.08,0.08,0.4703304377058005,0.0008773412687870024,0.4153205981127725,0.0005231437596060491,0.7898640871238153,0.0003834905679846666
128,40,0.08,0.12,0.6232510047648905,0.0007800313144144365,0.516126433684538,0.0009325656011489187,0.860338149504293,0.00035613255143443354
128,40,0.08,0.2,0.7451509824208052,0.00022742314108398925,0.6674740763168786,0.00030103915514417145,0.9126747594567688,0.00018642127902757794
128,40,0.12,0.0,0.2008165641239754,0.0005677150494142762,0.3632148978191606,0.0015969283994159134,0.7083790428620348,0.00013559103839096766
128,40,0.12,0.04,0.410696798512165,0.0011204903595399553,0.4722485340237056,0.0018209919737313756,0.7708289586742268,0.0003748980554205113
128,40,0.12,0.08,0.4723573839150972,0.000640582060899262,0.423165064347401,0.0007414612974369943,0.7922732329234894,0.0002446032121543332
128,40,0.12,0.12,0.4872844976923937,0.0004787145196752575,0.4076539101497504,0.00103524745930029,0.7925206785295689,0.0001921740357486408
128,40,0.12,0.2,0.6281802681995968,0.0003685773548017424,0.5126903130286473,0.0005537555324643511,0.8472780527090529,0.00018441975115743225
128,40,0.16,0.0,0.1448533468080718,0.00040253852955685846,0.439859555165431,0.0009219320498486999,0.6918658312029059,0.00020912194526313986
128,40,0.16,0.04,0.2813217658447071,0.0005553281933653912,0.395681654671263,0.0016742180180217474,0.7198910066034715,0.0001961257355109069
128,40,0.16,0.08,0.3883338956133587,0.0011152154729088854,0.4646151794866097,0.0006577019570091149,0.7529653261573278,0.00044309814578732417
128,40,0.16,0.12,0.4541634850420705,0.0005235265200251924,0.5129069802971675,0.0009354201796083349,0.7762165206390395,0.0001543071835139404
128,40,0.16,0.2,0.619754161928341,0.0007091278920277775,0.592871091308587,0.0002451978080298927,0.83935723564492,0.0004864546707866884
128,50,0.0,0.0,0.0476220701836478,2.178611182472103e-05,4.166678240772891e-05,2.0388034029775827e-07,0.6579022663951256,0.00015965705809010839
128,50,0.0,0.04,0.1059419750219239,2.1958090314771783e-05,4.166678240772891e-05,2.0388034029775827e-07,0.6655171343141055,0.0001282324750946326
128,50,0.0,0.08,0.1615059633235888,1.4922375780276459e-05,0.0150194861652393,7.349206666599879e-05,0.6774342515080195,0.00011961056833793959
128,50,0.0,0.12,0.2151967462808404,7.728943691062685e-06,0.0575029375081597,0.0002813684616335937,0.6931847714467473,0.00010944955137434171
128,50,0.0,0.2,0.3141019997909753,5.803991403647147e-06,0.0657279603554454,0.00032161444080836996,0.7199672272357353,0.00010447572667530408
128,50,0.04,0.0,0.0562179972459014,2.822006445031335e-05,0.0086889130247584,2.0139811982353396e-05,0.6680930025645538,0.00014125691328002518
128,50,0.04,0.04,0.1138823440294601,1.9077953579005472e-05,0.0093444704013066,1.6882339535720193e-05,0.6695338336361383,0.0001253557347747388
128,50,0.04,0.08,0.1686713272961116,3.8148001272668875e-05,0.0088250245139569,3.480444530243123e-05,0.6799106633562676,0.0001295189294960773
128,50,0.04,0.12,0.2219790693334065,2.3447922637559358e-05,0.0103972511034752,4.030091854785736e-05,0.6937185907858102,0.00011217980357167753
128,50,0.04,0.2,0.3253189519289956,4.6099852696489705e-05,0.0338500940280389,9.801763228929363e-05,0.7168590008095385,0.00011706524437873066
128,50,0.08,0.0,0.0631861916847353,3.473438104179118e-05,0.0128083689121358,3.5957383021500016e-05,0.6585507659772438,0.0001555092781423609
128,50,0.08,0.04,0.1660257353321714,0.003011754290434625,0.0605501681949116,0.0031108806625080297,0.6837452829749456,0.0012148433422752819
128,50,0.08,0.08,0.442968922017889,0.0015548150320632552,0.3283870232972869,0.001910778345386372,0.7876623298755565,0.0006839967173776677
128,50,0.08,0.12,0.5203018125110148,0.0014386686129502296,0.3827399520554224,0.001846894871129811,0.8180028655688616,0.0005775324455426223
128,50,0.08,0.2,0.7715254121012824,6.473826551264239e-05,0.7035269542415395,8.164247666860793e-05,0.9241041648047472,6.501716765569059e-05
128,50,0.12,0.0,0.0697444747405142,0.00010086953032557073,0.0170778252161811,0.00016175201055098652,0.6739228226840565,0.00020391567760435356
128,50,0.12,0.04,0.1349073676761791,0.00039166631827226807,0.027427853966261,0.0006086227124716299,0.672197008718231,0.00020063666058058217
128,50,0.12,0.08,0.2207983078951476,0.00017739377375968938,0.0708613079480776,0.00024968636333949466,0.697095496455148,0.00012857672590826726
128,50,0.12,0.12,0.2983918209248111,0.0007675647381512352,0.1153864316289767,0.0009376029606960784,0.7187757189507639,0.00024092553255796018
128,50,0.12,0.2,0.5692886675051447,0.0006022444199664373,0.4054400151111531,0.0007140653708051249,0.8229066721910892,0.00028958000543834905
128,50,0.16,0.0,0.1230631914380104,0.00014393861235360796,0.2270589640526779,0.0005723641946907569,0.694314128164712,0.00019142892852319027
128,50,0.16,0.04,0.1914707802763633,0.00024537885158158496,0.2328617579493276,0.0009283591819252694,0.6912392656208346,0.00012205509270309311
128,50,0.16,0.08,0.2372196205319311,0.0005181495455403207,0.2209756138211495,0.0035760813061203964,0.7043211780827439,0.0002389023204073152
128,50,0.16,0.12,0.3343756567062014,0.0004880842520351828,0.2746174294928597,0.00035349885100750475,0.7323273578429295,0.00020716605180516273
128,50,0.16,0.2,0.5154212986691842,0.00047351123311724185,0.4335317598104439,0.0022700035549809185,0.7987709292361754,0.00020328873641704544
128,60,0.0,0.0,0.0480287527979679,2.1906942396150276e-05,4.166678240772891e-05,2.0388034029775827e-07,0.6597308751132294,0.00020284724131548125
128,60,0.0,0.04,0.1060304557296731,1.4231016939723451e-05,0.0058639051775143,2.8692759891237732e-05,0.6629547416098976,0.000137376711890363
128,60,0.0,0.08,0.1612768031411359,2.7587498829481687e-05,0.0388973302703618,0.00019032909367930055,0.6764943198524629,0.0001487853503471924
128,60,0.0,0.12,0.2154953938253666,8.749724267375168e-06,0.0225083958566551,0.0001297305227196825,0.692726221749944,0.00011995594301413721
128,60,0.0,0.2,0.3142339681683614,1.023106553830807e-05,0.191078308550857,0.0009349680565601462,0.7191117548227582,0.0001018729000035107
128,60,0.04,0.0,0.0544196329093535,2.815794751850178e-05,0.0074305761960449,2.1897233874674395e-05,0.6690912013017862,0.0001769902551084246
128,60,0.04,0.04,0.1130003359302953,8.700791471306842e-06,0.0084555790432751,2.7619923959075276e-05,0.6663948444991263,0.0001498957542331746
128,60,0.04,0.08,0.1680510056131479,1.3039369544791259e-05,0.0088278022994508,3.4434903306519444e-05,0.681335429261146,0.0001390463649683109
128,60,0.04,0.12,0.2220847133443101,2.3965139085164e-05,0.0107528076466879,3.127379354510604e-05,0.6924648640024986,0.00013160712503497004
128,60,0.04,0.2,0.3255070344894732,3.544964872415216e-05,0.0164861569059914,7.253748075887576e-05,0.7158457940412843,0.00010658067875060654
128,60,0.08,0.0,0.0633942738260516,5.200082931152885e-05,0.0154611540587612,3.246311974171539e-05,0.6686070525255868,0.00018607680737799654
128,60,0.08,0.04,0.2057761839865827,0.00042735135039420846,0.1019113941983172,0.00047037575110960895,0.6994718110593043,0.00013122631747233064
128,60,0.08,0.08,0.3579807134257116,0.001993690530510071,0.2294589707193631,0.0023833640133715324,0.7526591876685187,0.0008490030669923657
128,60,0.08,0.12,0.5864967536354623,0.0009146709198410103,0.4703013063925177,0.0011358035842679696,0.8452407892696483,0.00035617767341265154
128,60,0.08,0.2,0.7518251568100576,8.696362888298352e-05,0.6745046514018095,0.00018602377934215584,0.9203429034119534,0.00010747842577091473
128,60,0.12,0.0,0.0712633203427192,2.821833459533423e-05,0.0182917174769929,5.731563900469522e-05,0.6760836962858775,0.00021910324609099527
128,60,0.12,0.04,0.1803334929714538,0.00025566125997928134,0.0865780182722729,0.0003040979756194469,0.6907697953924579,0.00013710028291244133
128,60,0.12,0.08,0.2239247003821968,0.00023560043289193203,0.0864419067830744,0.00042297015398173,0.6982120856199553,0.00015556691063723548
128,60,0.12,0.12,0.327883497796507,0.000437852859973377,0.1500670835196764,0.0005971809530690551,0.7327644460817305,0.0002375209359868466
128,60,0.12,0.2,0.5915217075757646,0.001230589080105265,0.4726096461379059,0.0017039131967132963,0.8348258261410718,0.0005188063217779453
128,60,0.16,0.0,0.1287313561561591,0.0001606214207477267,0.2451062364062122,0.0006332219739748026,0.6897756986678399,0.00026861876872642055
128,60,0.16,0.04,0.1791676297475915,0.0002185082097259869,0.2032172311589754,0.0007931017927419292,0.6917077399559808,0.0001477910656810943
128,60,0.16,0.08,0.2594972479252904,0.0011480151600275987,0.289784138289273,0.0011701956386037657,0.7103578017968081,0.0004510429882189305
128,60,0.16,0.12,0.3269885966629282,0.0002773612342855133,0.2805841127336465,0.0004747948705656163,0.7306176117810188,0.0001203469366219734
128,60,0.16,0.2,0.5461376980116373,0.0008486840523624703,0.5342070394639985,0.0005736466254885054,0.8062865720239294,0.0004236380990390416
